"","exp_phase","age_group","condition","language","random_id","trial_order","noun","marker1","marker2","correct_choice","choice","is_correct"
"1","2afc","adult","3R6E","A","DxwjYHuL",0,"mawg","ka","po","ka","ka",1
"2","2afc","adult","3R6E","A","DxwjYHuL",1,"lepal","muy","woo","woo","woo",1
"3","2afc","adult","3R6E","A","DxwjYHuL",2,"lepal","bae","woo","woo","woo",1
"4","2afc","adult","3R6E","A","DxwjYHuL",3,"flairb","po","tay","tay","tay",1
"5","2afc","adult","3R6E","A","DxwjYHuL",4,"zup","lee","ka","lee","ka",0
"6","2afc","adult","3R6E","A","DxwjYHuL",5,"daygin","bae","ka","bae","bae",1
"7","2afc","adult","3R6E","A","DxwjYHuL",6,"flairb","bae","tay","tay","tay",1
"8","2afc","adult","3R6E","A","DxwjYHuL",7,"zup","tay","lee","lee","tay",0
"9","2afc","adult","3R6E","A","DxwjYHuL",8,"glim","woo","ka","ka","ka",1
"10","2afc","adult","3R6E","A","DxwjYHuL",9,"klidam","muy","ka","muy","muy",1
"11","2afc","adult","3R6E","A","DxwjYHuL",10,"tomber","ka","po","po","po",1
"12","2afc","adult","3R6E","A","DxwjYHuL",11,"zup","lee","muy","lee","lee",1
"13","2afc","adult","3R6E","A","DxwjYHuL",12,"glim","ka","po","ka","po",0
"14","2afc","adult","3R6E","A","DxwjYHuL",13,"spad","lee","ka","ka","ka",1
"15","2afc","adult","3R6E","A","DxwjYHuL",14,"spad","ka","tay","ka","ka",1
"16","2afc","adult","3R6E","A","DxwjYHuL",15,"tomber","tay","po","po","po",1
"17","2afc","adult","3R6E","A","DxwjYHuL",16,"klidam","lee","muy","muy","muy",1
"18","2afc","adult","3R6E","A","DxwjYHuL",17,"flairb","tay","lee","tay","tay",1
"19","2afc","adult","3R6E","A","DxwjYHuL",18,"mawg","ka","woo","ka","ka",1
"20","2afc","adult","3R6E","A","DxwjYHuL",19,"daygin","woo","bae","bae","bae",1
"21","2afc","adult","3R6E","A","DxwjYHuL",20,"daygin","po","bae","bae","bae",1
"22","2afc","adult","3R6E","A","DxwjYHuL",21,"spad","ka","bae","ka","ka",1
"23","2afc","adult","3R6E","A","DxwjYHuL",22,"mawg","muy","ka","ka","ka",1
"24","2afc","adult","3R6E","A","DxwjYHuL",23,"klidam","woo","muy","muy","muy",1
"25","2afc","adult","3R6E","A","DxwjYHuL",24,"lepal","woo","tay","woo","woo",1
"26","2afc","adult","3R6E","A","DxwjYHuL",25,"tomber","po","lee","po","po",1
"27","2afc","adult","3R6E","A","DxwjYHuL",26,"glim","ka","bae","ka","ka",1
"28","2afc","adult","3R6E","A","odZmsO2M",0,"spad","ka","bae","ka","ka",1
"29","2afc","adult","3R6E","A","odZmsO2M",1,"tomber","tay","po","po","po",1
"30","2afc","adult","3R6E","A","odZmsO2M",2,"daygin","bae","ka","bae","bae",1
"31","2afc","adult","3R6E","A","odZmsO2M",3,"mawg","ka","po","ka","ka",1
"32","2afc","adult","3R6E","A","odZmsO2M",4,"mawg","muy","ka","ka","ka",1
"33","2afc","adult","3R6E","A","odZmsO2M",5,"zup","lee","muy","lee","lee",1
"34","2afc","adult","3R6E","A","odZmsO2M",6,"zup","lee","ka","lee","lee",1
"35","2afc","adult","3R6E","A","odZmsO2M",7,"klidam","lee","muy","muy","muy",1
"36","2afc","adult","3R6E","A","odZmsO2M",8,"glim","woo","ka","ka","ka",1
"37","2afc","adult","3R6E","A","odZmsO2M",9,"flairb","tay","lee","tay","tay",1
"38","2afc","adult","3R6E","A","odZmsO2M",10,"daygin","woo","bae","bae","bae",1
"39","2afc","adult","3R6E","A","odZmsO2M",11,"klidam","muy","ka","muy","muy",1
"40","2afc","adult","3R6E","A","odZmsO2M",12,"lepal","muy","woo","woo","woo",1
"41","2afc","adult","3R6E","A","odZmsO2M",13,"klidam","woo","muy","muy","muy",1
"42","2afc","adult","3R6E","A","odZmsO2M",14,"daygin","po","bae","bae","bae",1
"43","2afc","adult","3R6E","A","odZmsO2M",15,"glim","ka","po","ka","ka",1
"44","2afc","adult","3R6E","A","odZmsO2M",16,"mawg","ka","woo","ka","ka",1
"45","2afc","adult","3R6E","A","odZmsO2M",17,"spad","ka","tay","ka","ka",1
"46","2afc","adult","3R6E","A","odZmsO2M",18,"spad","lee","ka","ka","ka",1
"47","2afc","adult","3R6E","A","odZmsO2M",19,"flairb","bae","tay","tay","tay",1
"48","2afc","adult","3R6E","A","odZmsO2M",20,"tomber","ka","po","po","po",1
"49","2afc","adult","3R6E","A","odZmsO2M",21,"flairb","po","tay","tay","tay",1
"50","2afc","adult","3R6E","A","odZmsO2M",22,"zup","tay","lee","lee","lee",1
"51","2afc","adult","3R6E","A","odZmsO2M",23,"lepal","woo","tay","woo","woo",1
"52","2afc","adult","3R6E","A","odZmsO2M",24,"tomber","po","lee","po","po",1
"53","2afc","adult","3R6E","A","odZmsO2M",25,"lepal","bae","woo","woo","woo",1
"54","2afc","adult","3R6E","A","odZmsO2M",26,"glim","ka","bae","ka","ka",1
"55","2afc","adult","3R6E","A","OVQWa0Xu",0,"flairb","po","tay","tay","po",0
"56","2afc","adult","3R6E","A","OVQWa0Xu",1,"glim","woo","ka","ka","woo",0
"57","2afc","adult","3R6E","A","OVQWa0Xu",2,"glim","ka","po","ka","po",0
"58","2afc","adult","3R6E","A","OVQWa0Xu",3,"klidam","lee","muy","muy","muy",1
"59","2afc","adult","3R6E","A","OVQWa0Xu",4,"lepal","bae","woo","woo","woo",1
"60","2afc","adult","3R6E","A","OVQWa0Xu",5,"lepal","woo","tay","woo","woo",1
"61","2afc","adult","3R6E","A","OVQWa0Xu",6,"zup","lee","muy","lee","muy",0
"62","2afc","adult","3R6E","A","OVQWa0Xu",7,"mawg","ka","woo","ka","woo",0
"63","2afc","adult","3R6E","A","OVQWa0Xu",8,"daygin","woo","bae","bae","bae",1
"64","2afc","adult","3R6E","A","OVQWa0Xu",9,"zup","lee","ka","lee","lee",1
"65","2afc","adult","3R6E","A","OVQWa0Xu",10,"glim","ka","bae","ka","ka",1
"66","2afc","adult","3R6E","A","OVQWa0Xu",11,"spad","ka","bae","ka","ka",1
"67","2afc","adult","3R6E","A","OVQWa0Xu",12,"mawg","muy","ka","ka","ka",1
"68","2afc","adult","3R6E","A","OVQWa0Xu",13,"daygin","bae","ka","bae","bae",1
"69","2afc","adult","3R6E","A","OVQWa0Xu",14,"klidam","woo","muy","muy","woo",0
"70","2afc","adult","3R6E","A","OVQWa0Xu",15,"klidam","muy","ka","muy","muy",1
"71","2afc","adult","3R6E","A","OVQWa0Xu",16,"spad","lee","ka","ka","lee",0
"72","2afc","adult","3R6E","A","OVQWa0Xu",17,"tomber","po","lee","po","po",1
"73","2afc","adult","3R6E","A","OVQWa0Xu",18,"daygin","po","bae","bae","bae",1
"74","2afc","adult","3R6E","A","OVQWa0Xu",19,"zup","tay","lee","lee","lee",1
"75","2afc","adult","3R6E","A","OVQWa0Xu",20,"flairb","tay","lee","tay","lee",0
"76","2afc","adult","3R6E","A","OVQWa0Xu",21,"mawg","ka","po","ka","ka",1
"77","2afc","adult","3R6E","A","OVQWa0Xu",22,"lepal","muy","woo","woo","woo",1
"78","2afc","adult","3R6E","A","OVQWa0Xu",23,"tomber","ka","po","po","ka",0
"79","2afc","adult","3R6E","A","OVQWa0Xu",24,"flairb","bae","tay","tay","tay",1
"80","2afc","adult","3R6E","A","OVQWa0Xu",25,"spad","ka","tay","ka","ka",1
"81","2afc","adult","3R6E","A","OVQWa0Xu",26,"tomber","tay","po","po","po",1
"82","2afc","adult","3R6E","A","zYDmpkV8",0,"mawg","muy","ka","ka","ka",1
"83","2afc","adult","3R6E","A","zYDmpkV8",1,"lepal","muy","woo","woo","muy",0
"84","2afc","adult","3R6E","A","zYDmpkV8",2,"tomber","po","lee","po","po",1
"85","2afc","adult","3R6E","A","zYDmpkV8",3,"glim","ka","bae","ka","ka",1
"86","2afc","adult","3R6E","A","zYDmpkV8",4,"tomber","ka","po","po","po",1
"87","2afc","adult","3R6E","A","zYDmpkV8",5,"flairb","bae","tay","tay","tay",1
"88","2afc","adult","3R6E","A","zYDmpkV8",6,"daygin","bae","ka","bae","bae",1
"89","2afc","adult","3R6E","A","zYDmpkV8",7,"zup","tay","lee","lee","tay",0
"90","2afc","adult","3R6E","A","zYDmpkV8",8,"klidam","lee","muy","muy","lee",0
"91","2afc","adult","3R6E","A","zYDmpkV8",9,"zup","lee","muy","lee","muy",0
"92","2afc","adult","3R6E","A","zYDmpkV8",10,"spad","ka","bae","ka","ka",1
"93","2afc","adult","3R6E","A","zYDmpkV8",11,"glim","woo","ka","ka","woo",0
"94","2afc","adult","3R6E","A","zYDmpkV8",12,"klidam","muy","ka","muy","ka",0
"95","2afc","adult","3R6E","A","zYDmpkV8",13,"daygin","po","bae","bae","bae",1
"96","2afc","adult","3R6E","A","zYDmpkV8",14,"lepal","woo","tay","woo","tay",0
"97","2afc","adult","3R6E","A","zYDmpkV8",15,"lepal","bae","woo","woo","woo",1
"98","2afc","adult","3R6E","A","zYDmpkV8",16,"mawg","ka","po","ka","ka",1
"99","2afc","adult","3R6E","A","zYDmpkV8",17,"daygin","woo","bae","bae","bae",1
"100","2afc","adult","3R6E","A","zYDmpkV8",18,"tomber","tay","po","po","tay",0
"101","2afc","adult","3R6E","A","zYDmpkV8",19,"mawg","ka","woo","ka","ka",1
"102","2afc","adult","3R6E","A","zYDmpkV8",20,"glim","ka","po","ka","ka",1
"103","2afc","adult","3R6E","A","zYDmpkV8",21,"flairb","tay","lee","tay","tay",1
"104","2afc","adult","3R6E","A","zYDmpkV8",22,"flairb","po","tay","tay","tay",1
"105","2afc","adult","3R6E","A","zYDmpkV8",23,"spad","ka","tay","ka","ka",1
"106","2afc","adult","3R6E","A","zYDmpkV8",24,"zup","lee","ka","lee","lee",1
"107","2afc","adult","3R6E","A","zYDmpkV8",25,"klidam","woo","muy","muy","woo",0
"108","2afc","adult","3R6E","A","zYDmpkV8",26,"spad","lee","ka","ka","lee",0
"109","2afc","adult","3R6E","B","hFJ6mUoH",0,"glim","lee","ka","lee","lee",1
"110","2afc","adult","3R6E","B","hFJ6mUoH",1,"spad","bae","tay","bae","bae",1
"111","2afc","adult","3R6E","B","hFJ6mUoH",2,"lepal","woo","tay","woo","woo",1
"112","2afc","adult","3R6E","B","hFJ6mUoH",3,"flairb","tay","lee","tay","tay",1
"113","2afc","adult","3R6E","B","hFJ6mUoH",4,"klidam","woo","muy","muy","muy",1
"114","2afc","adult","3R6E","B","hFJ6mUoH",5,"daygin","ka","bae","ka","bae",0
"115","2afc","adult","3R6E","B","hFJ6mUoH",6,"mawg","woo","po","po","po",1
"116","2afc","adult","3R6E","B","hFJ6mUoH",7,"tomber","ka","lee","ka","ka",1
"117","2afc","adult","3R6E","B","hFJ6mUoH",8,"daygin","po","ka","ka","po",0
"118","2afc","adult","3R6E","B","hFJ6mUoH",9,"mawg","po","ka","po","po",1
"119","2afc","adult","3R6E","B","hFJ6mUoH",10,"lepal","woo","bae","woo","woo",1
"120","2afc","adult","3R6E","B","hFJ6mUoH",11,"flairb","po","tay","tay","tay",1
"121","2afc","adult","3R6E","B","hFJ6mUoH",12,"lepal","muy","woo","woo","woo",1
"122","2afc","adult","3R6E","B","hFJ6mUoH",13,"spad","ka","bae","bae","bae",1
"123","2afc","adult","3R6E","B","hFJ6mUoH",14,"tomber","tay","ka","ka","ka",1
"124","2afc","adult","3R6E","B","hFJ6mUoH",15,"zup","ka","po","ka","po",0
"125","2afc","adult","3R6E","B","hFJ6mUoH",16,"klidam","muy","lee","muy","muy",1
"126","2afc","adult","3R6E","B","hFJ6mUoH",17,"zup","ka","muy","ka","muy",0
"127","2afc","adult","3R6E","B","hFJ6mUoH",18,"flairb","tay","ka","tay","tay",1
"128","2afc","adult","3R6E","B","hFJ6mUoH",19,"daygin","ka","woo","ka","ka",1
"129","2afc","adult","3R6E","B","hFJ6mUoH",20,"mawg","muy","po","po","po",1
"130","2afc","adult","3R6E","B","hFJ6mUoH",21,"glim","bae","lee","lee","lee",1
"131","2afc","adult","3R6E","B","hFJ6mUoH",22,"tomber","ka","po","ka","ka",1
"132","2afc","adult","3R6E","B","hFJ6mUoH",23,"klidam","bae","muy","muy","muy",1
"133","2afc","adult","3R6E","B","hFJ6mUoH",24,"zup","tay","ka","ka","tay",0
"134","2afc","adult","3R6E","B","hFJ6mUoH",25,"glim","lee","woo","lee","lee",1
"135","2afc","adult","3R6E","B","hFJ6mUoH",26,"spad","lee","bae","bae","bae",1
"136","2afc","adult","3R6E","B","scJ3pxwc",0,"mawg","po","ka","po","po",1
"137","2afc","adult","3R6E","B","scJ3pxwc",1,"flairb","po","tay","tay","tay",1
"138","2afc","adult","3R6E","B","scJ3pxwc",2,"tomber","tay","ka","ka","ka",1
"139","2afc","adult","3R6E","B","scJ3pxwc",3,"flairb","tay","lee","tay","tay",1
"140","2afc","adult","3R6E","B","scJ3pxwc",4,"klidam","muy","lee","muy","lee",0
"141","2afc","adult","3R6E","B","scJ3pxwc",5,"mawg","woo","po","po","po",1
"142","2afc","adult","3R6E","B","scJ3pxwc",6,"zup","ka","muy","ka","ka",1
"143","2afc","adult","3R6E","B","scJ3pxwc",7,"spad","lee","bae","bae","bae",1
"144","2afc","adult","3R6E","B","scJ3pxwc",8,"tomber","ka","lee","ka","ka",1
"145","2afc","adult","3R6E","B","scJ3pxwc",9,"lepal","woo","tay","woo","woo",1
"146","2afc","adult","3R6E","B","scJ3pxwc",10,"glim","lee","ka","lee","lee",1
"147","2afc","adult","3R6E","B","scJ3pxwc",11,"lepal","woo","bae","woo","woo",1
"148","2afc","adult","3R6E","B","scJ3pxwc",12,"tomber","ka","po","ka","ka",1
"149","2afc","adult","3R6E","B","scJ3pxwc",13,"zup","ka","po","ka","ka",1
"150","2afc","adult","3R6E","B","scJ3pxwc",14,"zup","tay","ka","ka","ka",1
"151","2afc","adult","3R6E","B","scJ3pxwc",15,"spad","bae","tay","bae","bae",1
"152","2afc","adult","3R6E","B","scJ3pxwc",16,"spad","ka","bae","bae","bae",1
"153","2afc","adult","3R6E","B","scJ3pxwc",17,"mawg","muy","po","po","po",1
"154","2afc","adult","3R6E","B","scJ3pxwc",18,"daygin","po","ka","ka","ka",1
"155","2afc","adult","3R6E","B","scJ3pxwc",19,"klidam","woo","muy","muy","muy",1
"156","2afc","adult","3R6E","B","scJ3pxwc",20,"glim","lee","woo","lee","lee",1
"157","2afc","adult","3R6E","B","scJ3pxwc",21,"flairb","tay","ka","tay","tay",1
"158","2afc","adult","3R6E","B","scJ3pxwc",22,"daygin","ka","woo","ka","woo",0
"159","2afc","adult","3R6E","B","scJ3pxwc",23,"glim","bae","lee","lee","lee",1
"160","2afc","adult","3R6E","B","scJ3pxwc",24,"lepal","muy","woo","woo","woo",1
"161","2afc","adult","3R6E","B","scJ3pxwc",25,"klidam","bae","muy","muy","muy",1
"162","2afc","adult","3R6E","B","scJ3pxwc",26,"daygin","ka","bae","ka","ka",1
"163","2afc","adult","3R6E","B","yl9UQqZj",0,"tomber","ka","lee","ka","ka",1
"164","2afc","adult","3R6E","B","yl9UQqZj",1,"mawg","woo","po","po","po",1
"165","2afc","adult","3R6E","B","yl9UQqZj",2,"tomber","ka","po","ka","po",0
"166","2afc","adult","3R6E","B","yl9UQqZj",3,"zup","ka","muy","ka","muy",0
"167","2afc","adult","3R6E","B","yl9UQqZj",4,"glim","bae","lee","lee","lee",1
"168","2afc","adult","3R6E","B","yl9UQqZj",5,"flairb","po","tay","tay","po",0
"169","2afc","adult","3R6E","B","yl9UQqZj",6,"klidam","muy","lee","muy","muy",1
"170","2afc","adult","3R6E","B","yl9UQqZj",7,"glim","lee","ka","lee","ka",0
"171","2afc","adult","3R6E","B","yl9UQqZj",8,"flairb","tay","ka","tay","ka",0
"172","2afc","adult","3R6E","B","yl9UQqZj",9,"lepal","woo","tay","woo","woo",1
"173","2afc","adult","3R6E","B","yl9UQqZj",10,"zup","tay","ka","ka","ka",1
"174","2afc","adult","3R6E","B","yl9UQqZj",11,"glim","lee","woo","lee","lee",1
"175","2afc","adult","3R6E","B","yl9UQqZj",12,"flairb","tay","lee","tay","tay",1
"176","2afc","adult","3R6E","B","yl9UQqZj",13,"lepal","muy","woo","woo","woo",1
"177","2afc","adult","3R6E","B","yl9UQqZj",14,"daygin","ka","bae","ka","ka",1
"178","2afc","adult","3R6E","B","yl9UQqZj",15,"klidam","woo","muy","muy","muy",1
"179","2afc","adult","3R6E","B","yl9UQqZj",16,"spad","lee","bae","bae","bae",1
"180","2afc","adult","3R6E","B","yl9UQqZj",17,"spad","bae","tay","bae","bae",1
"181","2afc","adult","3R6E","B","yl9UQqZj",18,"daygin","po","ka","ka","ka",1
"182","2afc","adult","3R6E","B","yl9UQqZj",19,"klidam","bae","muy","muy","muy",1
"183","2afc","adult","3R6E","B","yl9UQqZj",20,"lepal","woo","bae","woo","woo",1
"184","2afc","adult","3R6E","B","yl9UQqZj",21,"spad","ka","bae","bae","bae",1
"185","2afc","adult","3R6E","B","yl9UQqZj",22,"mawg","muy","po","po","po",1
"186","2afc","adult","3R6E","B","yl9UQqZj",23,"tomber","tay","ka","ka","ka",1
"187","2afc","adult","3R6E","B","yl9UQqZj",24,"daygin","ka","woo","ka","ka",1
"188","2afc","adult","3R6E","B","yl9UQqZj",25,"mawg","po","ka","po","po",1
"189","2afc","adult","3R6E","B","yl9UQqZj",26,"zup","ka","po","ka","po",0
"190","2afc","adult","5R4E","A","8WWGqfCC",0,"glim","ka","po","ka","ka",1
"191","2afc","adult","5R4E","A","8WWGqfCC",1,"tomber","po","ka","po","po",1
"192","2afc","adult","5R4E","A","8WWGqfCC",2,"zup","lee","tay","lee","lee",1
"193","2afc","adult","5R4E","A","8WWGqfCC",3,"mawg","lee","ka","ka","ka",1
"194","2afc","adult","5R4E","A","8WWGqfCC",4,"spad","lee","ka","ka","ka",1
"195","2afc","adult","5R4E","A","8WWGqfCC",5,"glim","ka","bae","ka","ka",1
"196","2afc","adult","5R4E","A","8WWGqfCC",6,"lepal","bae","ka","ka","bae",0
"197","2afc","adult","5R4E","A","8WWGqfCC",7,"tomber","tay","po","po","po",1
"198","2afc","adult","5R4E","A","8WWGqfCC",8,"glim","tay","ka","ka","ka",1
"199","2afc","adult","5R4E","A","8WWGqfCC",9,"flairb","ka","lee","ka","ka",1
"200","2afc","adult","5R4E","A","8WWGqfCC",10,"zup","ka","lee","lee","lee",1
"201","2afc","adult","5R4E","A","8WWGqfCC",11,"klidam","ka","tay","tay","tay",1
"202","2afc","adult","5R4E","A","8WWGqfCC",12,"daygin","bae","po","bae","bae",1
"203","2afc","adult","5R4E","A","8WWGqfCC",13,"spad","tay","ka","ka","tay",0
"204","2afc","adult","5R4E","A","8WWGqfCC",14,"mawg","ka","bae","ka","ka",1
"205","2afc","adult","5R4E","A","8WWGqfCC",15,"zup","lee","bae","lee","lee",1
"206","2afc","adult","5R4E","A","8WWGqfCC",16,"klidam","tay","lee","tay","tay",1
"207","2afc","adult","5R4E","A","8WWGqfCC",17,"klidam","po","tay","tay","tay",1
"208","2afc","adult","5R4E","A","8WWGqfCC",18,"tomber","po","lee","po","po",1
"209","2afc","adult","5R4E","A","8WWGqfCC",19,"daygin","bae","ka","bae","bae",1
"210","2afc","adult","5R4E","A","8WWGqfCC",20,"mawg","ka","po","ka","ka",1
"211","2afc","adult","5R4E","A","8WWGqfCC",21,"flairb","bae","ka","ka","ka",1
"212","2afc","adult","5R4E","A","8WWGqfCC",22,"daygin","lee","bae","bae","bae",1
"213","2afc","adult","5R4E","A","8WWGqfCC",23,"spad","ka","bae","ka","ka",1
"214","2afc","adult","5R4E","A","8WWGqfCC",24,"lepal","ka","tay","ka","ka",1
"215","2afc","adult","5R4E","A","8WWGqfCC",25,"lepal","po","ka","ka","ka",1
"216","2afc","adult","5R4E","A","8WWGqfCC",26,"flairb","po","ka","ka","ka",1
"217","2afc","adult","5R4E","A","gBifeqi5",0,"spad","lee","ka","ka","ka",1
"218","2afc","adult","5R4E","A","gBifeqi5",1,"daygin","bae","po","bae","bae",1
"219","2afc","adult","5R4E","A","gBifeqi5",2,"zup","lee","tay","lee","lee",1
"220","2afc","adult","5R4E","A","gBifeqi5",3,"klidam","po","tay","tay","tay",1
"221","2afc","adult","5R4E","A","gBifeqi5",4,"klidam","ka","tay","tay","tay",1
"222","2afc","adult","5R4E","A","gBifeqi5",5,"glim","ka","bae","ka","ka",1
"223","2afc","adult","5R4E","A","gBifeqi5",6,"tomber","po","lee","po","po",1
"224","2afc","adult","5R4E","A","gBifeqi5",7,"spad","tay","ka","ka","ka",1
"225","2afc","adult","5R4E","A","gBifeqi5",8,"glim","tay","ka","ka","ka",1
"226","2afc","adult","5R4E","A","gBifeqi5",9,"klidam","tay","lee","tay","tay",1
"227","2afc","adult","5R4E","A","gBifeqi5",10,"zup","lee","bae","lee","lee",1
"228","2afc","adult","5R4E","A","gBifeqi5",11,"lepal","po","ka","ka","ka",1
"229","2afc","adult","5R4E","A","gBifeqi5",12,"flairb","bae","ka","ka","ka",1
"230","2afc","adult","5R4E","A","gBifeqi5",13,"daygin","lee","bae","bae","bae",1
"231","2afc","adult","5R4E","A","gBifeqi5",14,"tomber","po","ka","po","po",1
"232","2afc","adult","5R4E","A","gBifeqi5",15,"lepal","bae","ka","ka","ka",1
"233","2afc","adult","5R4E","A","gBifeqi5",16,"spad","ka","bae","ka","ka",1
"234","2afc","adult","5R4E","A","gBifeqi5",17,"zup","ka","lee","lee","ka",0
"235","2afc","adult","5R4E","A","gBifeqi5",18,"daygin","bae","ka","bae","bae",1
"236","2afc","adult","5R4E","A","gBifeqi5",19,"mawg","lee","ka","ka","ka",1
"237","2afc","adult","5R4E","A","gBifeqi5",20,"tomber","tay","po","po","po",1
"238","2afc","adult","5R4E","A","gBifeqi5",21,"lepal","ka","tay","ka","ka",1
"239","2afc","adult","5R4E","A","gBifeqi5",22,"glim","ka","po","ka","ka",1
"240","2afc","adult","5R4E","A","gBifeqi5",23,"mawg","ka","po","ka","ka",1
"241","2afc","adult","5R4E","A","gBifeqi5",24,"flairb","po","ka","ka","ka",1
"242","2afc","adult","5R4E","A","gBifeqi5",25,"mawg","ka","bae","ka","ka",1
"243","2afc","adult","5R4E","A","gBifeqi5",26,"flairb","ka","lee","ka","ka",1
"244","2afc","adult","5R4E","A","qa2ASuyj",0,"tomber","po","lee","po","po",1
"245","2afc","adult","5R4E","A","qa2ASuyj",1,"glim","tay","ka","ka","ka",1
"246","2afc","adult","5R4E","A","qa2ASuyj",2,"zup","lee","tay","lee","lee",1
"247","2afc","adult","5R4E","A","qa2ASuyj",3,"mawg","ka","bae","ka","ka",1
"248","2afc","adult","5R4E","A","qa2ASuyj",4,"mawg","lee","ka","ka","ka",1
"249","2afc","adult","5R4E","A","qa2ASuyj",5,"tomber","tay","po","po","po",1
"250","2afc","adult","5R4E","A","qa2ASuyj",6,"flairb","bae","ka","ka","ka",1
"251","2afc","adult","5R4E","A","qa2ASuyj",7,"daygin","bae","po","bae","bae",1
"252","2afc","adult","5R4E","A","qa2ASuyj",8,"spad","tay","ka","ka","ka",1
"253","2afc","adult","5R4E","A","qa2ASuyj",9,"lepal","bae","ka","ka","ka",1
"254","2afc","adult","5R4E","A","qa2ASuyj",10,"mawg","ka","po","ka","ka",1
"255","2afc","adult","5R4E","A","qa2ASuyj",11,"tomber","po","ka","po","po",1
"256","2afc","adult","5R4E","A","qa2ASuyj",12,"flairb","ka","lee","ka","ka",1
"257","2afc","adult","5R4E","A","qa2ASuyj",13,"lepal","ka","tay","ka","ka",1
"258","2afc","adult","5R4E","A","qa2ASuyj",14,"spad","ka","bae","ka","bae",0
"259","2afc","adult","5R4E","A","qa2ASuyj",15,"daygin","bae","ka","bae","bae",1
"260","2afc","adult","5R4E","A","qa2ASuyj",16,"glim","ka","bae","ka","ka",1
"261","2afc","adult","5R4E","A","qa2ASuyj",17,"glim","ka","po","ka","ka",1
"262","2afc","adult","5R4E","A","qa2ASuyj",18,"klidam","ka","tay","tay","tay",1
"263","2afc","adult","5R4E","A","qa2ASuyj",19,"zup","ka","lee","lee","ka",0
"264","2afc","adult","5R4E","A","qa2ASuyj",20,"flairb","po","ka","ka","ka",1
"265","2afc","adult","5R4E","A","qa2ASuyj",21,"klidam","po","tay","tay","tay",1
"266","2afc","adult","5R4E","A","qa2ASuyj",22,"zup","lee","bae","lee","lee",1
"267","2afc","adult","5R4E","A","qa2ASuyj",23,"lepal","po","ka","ka","ka",1
"268","2afc","adult","5R4E","A","qa2ASuyj",24,"daygin","lee","bae","bae","lee",0
"269","2afc","adult","5R4E","A","qa2ASuyj",25,"klidam","tay","lee","tay","lee",0
"270","2afc","adult","5R4E","A","qa2ASuyj",26,"spad","lee","ka","ka","ka",1
"271","2afc","adult","5R4E","A","TOZaRd9l",0,"mawg","lee","ka","ka","ka",1
"272","2afc","adult","5R4E","A","TOZaRd9l",1,"glim","ka","po","ka","ka",1
"273","2afc","adult","5R4E","A","TOZaRd9l",2,"spad","ka","bae","ka","ka",1
"274","2afc","adult","5R4E","A","TOZaRd9l",3,"zup","lee","bae","lee","lee",1
"275","2afc","adult","5R4E","A","TOZaRd9l",4,"klidam","ka","tay","tay","ka",0
"276","2afc","adult","5R4E","A","TOZaRd9l",5,"zup","ka","lee","lee","lee",1
"277","2afc","adult","5R4E","A","TOZaRd9l",6,"mawg","ka","bae","ka","ka",1
"278","2afc","adult","5R4E","A","TOZaRd9l",7,"flairb","bae","ka","ka","ka",1
"279","2afc","adult","5R4E","A","TOZaRd9l",8,"daygin","lee","bae","bae","bae",1
"280","2afc","adult","5R4E","A","TOZaRd9l",9,"klidam","po","tay","tay","tay",1
"281","2afc","adult","5R4E","A","TOZaRd9l",10,"lepal","bae","ka","ka","ka",1
"282","2afc","adult","5R4E","A","TOZaRd9l",11,"tomber","po","lee","po","po",1
"283","2afc","adult","5R4E","A","TOZaRd9l",12,"flairb","ka","lee","ka","ka",1
"284","2afc","adult","5R4E","A","TOZaRd9l",13,"glim","ka","bae","ka","bae",0
"285","2afc","adult","5R4E","A","TOZaRd9l",14,"mawg","ka","po","ka","ka",1
"286","2afc","adult","5R4E","A","TOZaRd9l",15,"tomber","po","ka","po","po",1
"287","2afc","adult","5R4E","A","TOZaRd9l",16,"daygin","bae","po","bae","bae",1
"288","2afc","adult","5R4E","A","TOZaRd9l",17,"lepal","po","ka","ka","po",0
"289","2afc","adult","5R4E","A","TOZaRd9l",18,"spad","tay","ka","ka","ka",1
"290","2afc","adult","5R4E","A","TOZaRd9l",19,"glim","tay","ka","ka","ka",1
"291","2afc","adult","5R4E","A","TOZaRd9l",20,"daygin","bae","ka","bae","bae",1
"292","2afc","adult","5R4E","A","TOZaRd9l",21,"zup","lee","tay","lee","lee",1
"293","2afc","adult","5R4E","A","TOZaRd9l",22,"flairb","po","ka","ka","ka",1
"294","2afc","adult","5R4E","A","TOZaRd9l",23,"tomber","tay","po","po","po",1
"295","2afc","adult","5R4E","A","TOZaRd9l",24,"klidam","tay","lee","tay","tay",1
"296","2afc","adult","5R4E","A","TOZaRd9l",25,"lepal","ka","tay","ka","ka",1
"297","2afc","adult","5R4E","A","TOZaRd9l",26,"spad","lee","ka","ka","lee",0
"298","2afc","adult","5R4E","B","LeGu73uC",0,"daygin","ka","bae","ka","ka",1
"299","2afc","adult","5R4E","B","LeGu73uC",1,"klidam","po","ka","ka","po",0
"300","2afc","adult","5R4E","B","LeGu73uC",2,"spad","bae","lee","bae","bae",1
"301","2afc","adult","5R4E","B","LeGu73uC",3,"daygin","lee","ka","ka","ka",1
"302","2afc","adult","5R4E","B","LeGu73uC",4,"mawg","tay","po","po","po",1
"303","2afc","adult","5R4E","B","LeGu73uC",5,"zup","tay","ka","ka","tay",0
"304","2afc","adult","5R4E","B","LeGu73uC",6,"flairb","tay","po","tay","tay",1
"305","2afc","adult","5R4E","B","LeGu73uC",7,"tomber","ka","lee","ka","ka",1
"306","2afc","adult","5R4E","B","LeGu73uC",8,"tomber","ka","po","ka","ka",1
"307","2afc","adult","5R4E","B","LeGu73uC",9,"glim","tay","lee","lee","tay",0
"308","2afc","adult","5R4E","B","LeGu73uC",10,"glim","bae","lee","lee","lee",1
"309","2afc","adult","5R4E","B","LeGu73uC",11,"lepal","ka","tay","ka","tay",0
"310","2afc","adult","5R4E","B","LeGu73uC",12,"spad","ka","bae","bae","bae",1
"311","2afc","adult","5R4E","B","LeGu73uC",13,"spad","bae","tay","bae","bae",1
"312","2afc","adult","5R4E","B","LeGu73uC",14,"daygin","po","ka","ka","po",0
"313","2afc","adult","5R4E","B","LeGu73uC",15,"klidam","lee","ka","ka","lee",0
"314","2afc","adult","5R4E","B","LeGu73uC",16,"lepal","po","ka","ka","po",0
"315","2afc","adult","5R4E","B","LeGu73uC",17,"lepal","bae","ka","ka","ka",1
"316","2afc","adult","5R4E","B","LeGu73uC",18,"glim","lee","ka","lee","lee",1
"317","2afc","adult","5R4E","B","LeGu73uC",19,"klidam","ka","bae","ka","ka",1
"318","2afc","adult","5R4E","B","LeGu73uC",20,"mawg","po","ka","po","po",1
"319","2afc","adult","5R4E","B","LeGu73uC",21,"mawg","po","lee","po","po",1
"320","2afc","adult","5R4E","B","LeGu73uC",22,"zup","ka","bae","ka","ka",1
"321","2afc","adult","5R4E","B","LeGu73uC",23,"zup","ka","po","ka","ka",1
"322","2afc","adult","5R4E","B","LeGu73uC",24,"flairb","lee","tay","tay","tay",1
"323","2afc","adult","5R4E","B","LeGu73uC",25,"tomber","tay","ka","ka","ka",1
"324","2afc","adult","5R4E","B","LeGu73uC",26,"flairb","ka","tay","tay","tay",1
"325","2afc","adult","5R4E","B","OJzY9ftA",0,"flairb","lee","tay","tay","lee",0
"326","2afc","adult","5R4E","B","OJzY9ftA",1,"tomber","ka","lee","ka","lee",0
"327","2afc","adult","5R4E","B","OJzY9ftA",2,"spad","bae","tay","bae","bae",1
"328","2afc","adult","5R4E","B","OJzY9ftA",3,"glim","lee","ka","lee","ka",0
"329","2afc","adult","5R4E","B","OJzY9ftA",4,"daygin","po","ka","ka","po",0
"330","2afc","adult","5R4E","B","OJzY9ftA",5,"klidam","po","ka","ka","ka",1
"331","2afc","adult","5R4E","B","OJzY9ftA",6,"daygin","ka","bae","ka","ka",1
"332","2afc","adult","5R4E","B","OJzY9ftA",7,"zup","tay","ka","ka","ka",1
"333","2afc","adult","5R4E","B","OJzY9ftA",8,"spad","ka","bae","bae","ka",0
"334","2afc","adult","5R4E","B","OJzY9ftA",9,"lepal","ka","tay","ka","ka",1
"335","2afc","adult","5R4E","B","OJzY9ftA",10,"glim","bae","lee","lee","lee",1
"336","2afc","adult","5R4E","B","OJzY9ftA",11,"lepal","po","ka","ka","po",0
"337","2afc","adult","5R4E","B","OJzY9ftA",12,"mawg","po","ka","po","ka",0
"338","2afc","adult","5R4E","B","OJzY9ftA",13,"klidam","ka","bae","ka","bae",0
"339","2afc","adult","5R4E","B","OJzY9ftA",14,"glim","tay","lee","lee","tay",0
"340","2afc","adult","5R4E","B","OJzY9ftA",15,"spad","bae","lee","bae","bae",1
"341","2afc","adult","5R4E","B","OJzY9ftA",16,"tomber","tay","ka","ka","ka",1
"342","2afc","adult","5R4E","B","OJzY9ftA",17,"klidam","lee","ka","ka","lee",0
"343","2afc","adult","5R4E","B","OJzY9ftA",18,"tomber","ka","po","ka","ka",1
"344","2afc","adult","5R4E","B","OJzY9ftA",19,"zup","ka","bae","ka","bae",0
"345","2afc","adult","5R4E","B","OJzY9ftA",20,"flairb","tay","po","tay","tay",1
"346","2afc","adult","5R4E","B","OJzY9ftA",21,"flairb","ka","tay","tay","ka",0
"347","2afc","adult","5R4E","B","OJzY9ftA",22,"mawg","tay","po","po","tay",0
"348","2afc","adult","5R4E","B","OJzY9ftA",23,"mawg","po","lee","po","po",1
"349","2afc","adult","5R4E","B","OJzY9ftA",24,"zup","ka","po","ka","po",0
"350","2afc","adult","5R4E","B","OJzY9ftA",25,"lepal","bae","ka","ka","ka",1
"351","2afc","adult","5R4E","B","OJzY9ftA",26,"daygin","lee","ka","ka","ka",1
"352","2afc","adult","5R4E","B","P3FaYzxY",0,"daygin","po","ka","ka","ka",1
"353","2afc","adult","5R4E","B","P3FaYzxY",1,"zup","tay","ka","ka","ka",1
"354","2afc","adult","5R4E","B","P3FaYzxY",2,"glim","tay","lee","lee","lee",1
"355","2afc","adult","5R4E","B","P3FaYzxY",3,"klidam","ka","bae","ka","ka",1
"356","2afc","adult","5R4E","B","P3FaYzxY",4,"mawg","tay","po","po","po",1
"357","2afc","adult","5R4E","B","P3FaYzxY",5,"flairb","lee","tay","tay","lee",0
"358","2afc","adult","5R4E","B","P3FaYzxY",6,"glim","lee","ka","lee","lee",1
"359","2afc","adult","5R4E","B","P3FaYzxY",7,"tomber","ka","po","ka","ka",1
"360","2afc","adult","5R4E","B","P3FaYzxY",8,"spad","bae","tay","bae","bae",1
"361","2afc","adult","5R4E","B","P3FaYzxY",9,"spad","bae","lee","bae","bae",1
"362","2afc","adult","5R4E","B","P3FaYzxY",10,"klidam","po","ka","ka","po",0
"363","2afc","adult","5R4E","B","P3FaYzxY",11,"daygin","lee","ka","ka","ka",1
"364","2afc","adult","5R4E","B","P3FaYzxY",12,"tomber","ka","lee","ka","ka",1
"365","2afc","adult","5R4E","B","P3FaYzxY",13,"spad","ka","bae","bae","bae",1
"366","2afc","adult","5R4E","B","P3FaYzxY",14,"lepal","bae","ka","ka","ka",1
"367","2afc","adult","5R4E","B","P3FaYzxY",15,"flairb","ka","tay","tay","ka",0
"368","2afc","adult","5R4E","B","P3FaYzxY",16,"mawg","po","ka","po","po",1
"369","2afc","adult","5R4E","B","P3FaYzxY",17,"flairb","tay","po","tay","tay",1
"370","2afc","adult","5R4E","B","P3FaYzxY",18,"lepal","ka","tay","ka","ka",1
"371","2afc","adult","5R4E","B","P3FaYzxY",19,"zup","ka","bae","ka","ka",1
"372","2afc","adult","5R4E","B","P3FaYzxY",20,"tomber","tay","ka","ka","ka",1
"373","2afc","adult","5R4E","B","P3FaYzxY",21,"mawg","po","lee","po","po",1
"374","2afc","adult","5R4E","B","P3FaYzxY",22,"daygin","ka","bae","ka","ka",1
"375","2afc","adult","5R4E","B","P3FaYzxY",23,"glim","bae","lee","lee","lee",1
"376","2afc","adult","5R4E","B","P3FaYzxY",24,"klidam","lee","ka","ka","ka",1
"377","2afc","adult","5R4E","B","P3FaYzxY",25,"zup","ka","po","ka","ka",1
"378","2afc","adult","5R4E","B","P3FaYzxY",26,"lepal","po","ka","ka","ka",1
"379","2afc","adult","5R4E","B","uonzFJ8p",0,"tomber","ka","po","ka","ka",1
"380","2afc","adult","5R4E","B","uonzFJ8p",1,"lepal","ka","tay","ka","ka",1
"381","2afc","adult","5R4E","B","uonzFJ8p",2,"glim","tay","lee","lee","lee",1
"382","2afc","adult","5R4E","B","uonzFJ8p",3,"daygin","ka","bae","ka","ka",1
"383","2afc","adult","5R4E","B","uonzFJ8p",4,"spad","bae","tay","bae","bae",1
"384","2afc","adult","5R4E","B","uonzFJ8p",5,"daygin","lee","ka","ka","ka",1
"385","2afc","adult","5R4E","B","uonzFJ8p",6,"lepal","bae","ka","ka","ka",1
"386","2afc","adult","5R4E","B","uonzFJ8p",7,"klidam","po","ka","ka","ka",1
"387","2afc","adult","5R4E","B","uonzFJ8p",8,"flairb","tay","po","tay","tay",1
"388","2afc","adult","5R4E","B","uonzFJ8p",9,"spad","bae","lee","bae","bae",1
"389","2afc","adult","5R4E","B","uonzFJ8p",10,"klidam","ka","bae","ka","ka",1
"390","2afc","adult","5R4E","B","uonzFJ8p",11,"glim","lee","ka","lee","lee",1
"391","2afc","adult","5R4E","B","uonzFJ8p",12,"tomber","tay","ka","ka","ka",1
"392","2afc","adult","5R4E","B","uonzFJ8p",13,"zup","ka","bae","ka","ka",1
"393","2afc","adult","5R4E","B","uonzFJ8p",14,"lepal","po","ka","ka","ka",1
"394","2afc","adult","5R4E","B","uonzFJ8p",15,"zup","ka","po","ka","ka",1
"395","2afc","adult","5R4E","B","uonzFJ8p",16,"tomber","ka","lee","ka","ka",1
"396","2afc","adult","5R4E","B","uonzFJ8p",17,"mawg","po","lee","po","po",1
"397","2afc","adult","5R4E","B","uonzFJ8p",18,"flairb","lee","tay","tay","tay",1
"398","2afc","adult","5R4E","B","uonzFJ8p",19,"glim","bae","lee","lee","lee",1
"399","2afc","adult","5R4E","B","uonzFJ8p",20,"zup","tay","ka","ka","ka",1
"400","2afc","adult","5R4E","B","uonzFJ8p",21,"klidam","lee","ka","ka","ka",1
"401","2afc","adult","5R4E","B","uonzFJ8p",22,"mawg","tay","po","po","po",1
"402","2afc","adult","5R4E","B","uonzFJ8p",23,"daygin","po","ka","ka","ka",1
"403","2afc","adult","5R4E","B","uonzFJ8p",24,"flairb","ka","tay","tay","tay",1
"404","2afc","adult","5R4E","B","uonzFJ8p",25,"mawg","po","ka","po","po",1
"405","2afc","adult","5R4E","B","uonzFJ8p",26,"spad","ka","bae","bae","bae",1
"406","2afc","child","3R6E","A","C4FIBCAn",0,"spad","ka","bae","ka","ka",1
"407","2afc","child","3R6E","A","C4FIBCAn",1,"lepal","muy","woo","woo","woo",1
"408","2afc","child","3R6E","A","C4FIBCAn",2,"glim","woo","ka","ka","ka",1
"409","2afc","child","3R6E","A","C4FIBCAn",3,"spad","lee","ka","ka","ka",1
"410","2afc","child","3R6E","A","C4FIBCAn",4,"zup","lee","muy","lee","muy",0
"411","2afc","child","3R6E","A","C4FIBCAn",5,"tomber","po","lee","po","po",1
"412","2afc","child","3R6E","A","C4FIBCAn",6,"daygin","woo","bae","bae","bae",1
"413","2afc","child","3R6E","A","C4FIBCAn",7,"flairb","po","tay","tay","po",0
"414","2afc","child","3R6E","A","C4FIBCAn",8,"glim","ka","bae","ka","ka",1
"415","2afc","child","3R6E","A","C4FIBCAn",9,"tomber","tay","po","po","tay",0
"416","2afc","child","3R6E","A","C4FIBCAn",10,"zup","lee","ka","lee","lee",1
"417","2afc","child","3R6E","A","C4FIBCAn",11,"mawg","ka","woo","ka","ka",1
"418","2afc","child","3R6E","A","C4FIBCAn",12,"mawg","ka","po","ka","ka",1
"419","2afc","child","3R6E","A","C4FIBCAn",13,"spad","ka","tay","ka","ka",1
"420","2afc","child","3R6E","A","C4FIBCAn",14,"klidam","lee","muy","muy","muy",1
"421","2afc","child","3R6E","A","C4FIBCAn",15,"klidam","muy","ka","muy","muy",1
"422","2afc","child","3R6E","A","C4FIBCAn",16,"tomber","ka","po","po","po",1
"423","2afc","child","3R6E","A","C4FIBCAn",17,"zup","tay","lee","lee","lee",1
"424","2afc","child","3R6E","A","C4FIBCAn",18,"daygin","bae","ka","bae","bae",1
"425","2afc","child","3R6E","A","C4FIBCAn",19,"lepal","woo","tay","woo","woo",1
"426","2afc","child","3R6E","A","C4FIBCAn",20,"flairb","bae","tay","tay","tay",1
"427","2afc","child","3R6E","A","C4FIBCAn",21,"mawg","muy","ka","ka","ka",1
"428","2afc","child","3R6E","A","C4FIBCAn",22,"klidam","woo","muy","muy","muy",1
"429","2afc","child","3R6E","A","C4FIBCAn",23,"daygin","po","bae","bae","po",0
"430","2afc","child","3R6E","A","C4FIBCAn",24,"glim","ka","po","ka","ka",1
"431","2afc","child","3R6E","A","C4FIBCAn",25,"flairb","tay","lee","tay","lee",0
"432","2afc","child","3R6E","A","C4FIBCAn",26,"lepal","bae","woo","woo","bae",0
"433","2afc","child","3R6E","A","c6xkBiUK",0,"lepal","woo","tay","woo","tay",0
"434","2afc","child","3R6E","A","c6xkBiUK",1,"mawg","ka","po","ka","ka",1
"435","2afc","child","3R6E","A","c6xkBiUK",2,"tomber","po","lee","po","lee",0
"436","2afc","child","3R6E","A","c6xkBiUK",3,"tomber","tay","po","po","po",1
"437","2afc","child","3R6E","A","c6xkBiUK",4,"tomber","ka","po","po","ka",0
"438","2afc","child","3R6E","A","c6xkBiUK",5,"zup","tay","lee","lee","tay",0
"439","2afc","child","3R6E","A","c6xkBiUK",6,"daygin","po","bae","bae","bae",1
"440","2afc","child","3R6E","A","c6xkBiUK",7,"daygin","bae","ka","bae","bae",1
"441","2afc","child","3R6E","A","c6xkBiUK",8,"lepal","muy","woo","woo","woo",1
"442","2afc","child","3R6E","A","c6xkBiUK",9,"klidam","muy","ka","muy","muy",1
"443","2afc","child","3R6E","A","c6xkBiUK",10,"spad","ka","tay","ka","tay",0
"444","2afc","child","3R6E","A","c6xkBiUK",11,"flairb","bae","tay","tay","tay",1
"445","2afc","child","3R6E","A","c6xkBiUK",12,"spad","ka","bae","ka","bae",0
"446","2afc","child","3R6E","A","c6xkBiUK",13,"klidam","lee","muy","muy","muy",1
"447","2afc","child","3R6E","A","c6xkBiUK",14,"daygin","woo","bae","bae","woo",0
"448","2afc","child","3R6E","A","c6xkBiUK",15,"flairb","tay","lee","tay","lee",0
"449","2afc","child","3R6E","A","c6xkBiUK",16,"glim","woo","ka","ka","ka",1
"450","2afc","child","3R6E","A","c6xkBiUK",17,"flairb","po","tay","tay","tay",1
"451","2afc","child","3R6E","A","c6xkBiUK",18,"mawg","ka","woo","ka","woo",0
"452","2afc","child","3R6E","A","c6xkBiUK",19,"glim","ka","po","ka","po",0
"453","2afc","child","3R6E","A","c6xkBiUK",20,"spad","lee","ka","ka","ka",1
"454","2afc","child","3R6E","A","c6xkBiUK",21,"zup","lee","muy","lee","muy",0
"455","2afc","child","3R6E","A","c6xkBiUK",22,"mawg","muy","ka","ka","ka",1
"456","2afc","child","3R6E","A","c6xkBiUK",23,"klidam","woo","muy","muy","muy",1
"457","2afc","child","3R6E","A","c6xkBiUK",24,"zup","lee","ka","lee","ka",0
"458","2afc","child","3R6E","A","c6xkBiUK",25,"lepal","bae","woo","woo","bae",0
"459","2afc","child","3R6E","A","c6xkBiUK",26,"glim","ka","bae","ka","bae",0
"460","2afc","child","3R6E","B","0t5IeYAg",0,"flairb","tay","ka","tay","ka",0
"461","2afc","child","3R6E","B","0t5IeYAg",1,"tomber","tay","ka","ka","tay",0
"462","2afc","child","3R6E","B","0t5IeYAg",2,"zup","tay","ka","ka","ka",1
"463","2afc","child","3R6E","B","0t5IeYAg",3,"glim","lee","ka","lee","lee",1
"464","2afc","child","3R6E","B","0t5IeYAg",4,"tomber","ka","lee","ka","ka",1
"465","2afc","child","3R6E","B","0t5IeYAg",5,"tomber","ka","po","ka","ka",1
"466","2afc","child","3R6E","B","0t5IeYAg",6,"klidam","woo","muy","muy","woo",0
"467","2afc","child","3R6E","B","0t5IeYAg",7,"spad","ka","bae","bae","bae",1
"468","2afc","child","3R6E","B","0t5IeYAg",8,"daygin","po","ka","ka","ka",1
"469","2afc","child","3R6E","B","0t5IeYAg",9,"mawg","woo","po","po","woo",0
"470","2afc","child","3R6E","B","0t5IeYAg",10,"flairb","po","tay","tay","po",0
"471","2afc","child","3R6E","B","0t5IeYAg",11,"klidam","muy","lee","muy","lee",0
"472","2afc","child","3R6E","B","0t5IeYAg",12,"zup","ka","po","ka","ka",1
"473","2afc","child","3R6E","B","0t5IeYAg",13,"zup","ka","muy","ka","muy",0
"474","2afc","child","3R6E","B","0t5IeYAg",14,"mawg","po","ka","po","ka",0
"475","2afc","child","3R6E","B","0t5IeYAg",15,"spad","bae","tay","bae","bae",1
"476","2afc","child","3R6E","B","0t5IeYAg",16,"klidam","bae","muy","muy","muy",1
"477","2afc","child","3R6E","B","0t5IeYAg",17,"glim","bae","lee","lee","bae",0
"478","2afc","child","3R6E","B","0t5IeYAg",18,"daygin","ka","bae","ka","ka",1
"479","2afc","child","3R6E","B","0t5IeYAg",19,"lepal","woo","bae","woo","woo",1
"480","2afc","child","3R6E","B","0t5IeYAg",20,"lepal","muy","woo","woo","woo",1
"481","2afc","child","3R6E","B","0t5IeYAg",21,"spad","lee","bae","bae","lee",0
"482","2afc","child","3R6E","B","0t5IeYAg",22,"flairb","tay","lee","tay","lee",0
"483","2afc","child","3R6E","B","0t5IeYAg",23,"daygin","ka","woo","ka","ka",1
"484","2afc","child","3R6E","B","0t5IeYAg",24,"glim","lee","woo","lee","lee",1
"485","2afc","child","3R6E","B","0t5IeYAg",25,"lepal","woo","tay","woo","tay",0
"486","2afc","child","3R6E","B","0t5IeYAg",26,"mawg","muy","po","po","po",1
"487","2afc","child","3R6E","B","Cy0Va2Gj",0,"spad","lee","bae","bae","lee",0
"488","2afc","child","3R6E","B","Cy0Va2Gj",1,"lepal","muy","woo","woo","muy",0
"489","2afc","child","3R6E","B","Cy0Va2Gj",2,"daygin","ka","bae","ka","ka",1
"490","2afc","child","3R6E","B","Cy0Va2Gj",3,"mawg","muy","po","po","po",1
"491","2afc","child","3R6E","B","Cy0Va2Gj",4,"glim","lee","ka","lee","lee",1
"492","2afc","child","3R6E","B","Cy0Va2Gj",5,"glim","bae","lee","lee","bae",0
"493","2afc","child","3R6E","B","Cy0Va2Gj",6,"glim","lee","woo","lee","lee",1
"494","2afc","child","3R6E","B","Cy0Va2Gj",7,"daygin","po","ka","ka","po",0
"495","2afc","child","3R6E","B","Cy0Va2Gj",8,"zup","tay","ka","ka","tay",0
"496","2afc","child","3R6E","B","Cy0Va2Gj",9,"klidam","muy","lee","muy","muy",1
"497","2afc","child","3R6E","B","Cy0Va2Gj",10,"zup","ka","po","ka","ka",1
"498","2afc","child","3R6E","B","Cy0Va2Gj",11,"tomber","ka","lee","ka","ka",1
"499","2afc","child","3R6E","B","Cy0Va2Gj",12,"spad","ka","bae","bae","ka",0
"500","2afc","child","3R6E","B","Cy0Va2Gj",13,"klidam","bae","muy","muy","bae",0
"501","2afc","child","3R6E","B","Cy0Va2Gj",14,"mawg","woo","po","po","woo",0
"502","2afc","child","3R6E","B","Cy0Va2Gj",15,"daygin","ka","woo","ka","ka",1
"503","2afc","child","3R6E","B","Cy0Va2Gj",16,"tomber","tay","ka","ka","tay",0
"504","2afc","child","3R6E","B","Cy0Va2Gj",17,"flairb","tay","lee","tay","tay",1
"505","2afc","child","3R6E","B","Cy0Va2Gj",18,"lepal","woo","bae","woo","woo",1
"506","2afc","child","3R6E","B","Cy0Va2Gj",19,"flairb","po","tay","tay","po",0
"507","2afc","child","3R6E","B","Cy0Va2Gj",20,"tomber","ka","po","ka","ka",1
"508","2afc","child","3R6E","B","Cy0Va2Gj",21,"klidam","woo","muy","muy","woo",0
"509","2afc","child","3R6E","B","Cy0Va2Gj",22,"lepal","woo","tay","woo","woo",1
"510","2afc","child","3R6E","B","Cy0Va2Gj",23,"spad","bae","tay","bae","bae",1
"511","2afc","child","3R6E","B","Cy0Va2Gj",24,"mawg","po","ka","po","po",1
"512","2afc","child","3R6E","B","Cy0Va2Gj",25,"zup","ka","muy","ka","ka",1
"513","2afc","child","3R6E","B","Cy0Va2Gj",26,"flairb","tay","ka","tay","tay",1
"514","2afc","child","3R6E","B","fenYigZ4",0,"lepal","muy","woo","woo","woo",1
"515","2afc","child","3R6E","B","fenYigZ4",1,"tomber","tay","ka","ka","tay",0
"516","2afc","child","3R6E","B","fenYigZ4",2,"glim","lee","woo","lee","lee",1
"517","2afc","child","3R6E","B","fenYigZ4",3,"tomber","ka","lee","ka","ka",1
"518","2afc","child","3R6E","B","fenYigZ4",4,"flairb","tay","lee","tay","tay",1
"519","2afc","child","3R6E","B","fenYigZ4",5,"spad","ka","bae","bae","bae",1
"520","2afc","child","3R6E","B","fenYigZ4",6,"spad","lee","bae","bae","bae",1
"521","2afc","child","3R6E","B","fenYigZ4",7,"glim","lee","ka","lee","ka",0
"522","2afc","child","3R6E","B","fenYigZ4",8,"tomber","ka","po","ka","ka",1
"523","2afc","child","3R6E","B","fenYigZ4",9,"daygin","po","ka","ka","ka",1
"524","2afc","child","3R6E","B","fenYigZ4",10,"daygin","ka","bae","ka","ka",1
"525","2afc","child","3R6E","B","fenYigZ4",11,"klidam","muy","lee","muy","muy",1
"526","2afc","child","3R6E","B","fenYigZ4",12,"klidam","woo","muy","muy","muy",1
"527","2afc","child","3R6E","B","fenYigZ4",13,"klidam","bae","muy","muy","bae",0
"528","2afc","child","3R6E","B","fenYigZ4",14,"glim","bae","lee","lee","lee",1
"529","2afc","child","3R6E","B","fenYigZ4",15,"spad","bae","tay","bae","bae",1
"530","2afc","child","3R6E","B","fenYigZ4",16,"lepal","woo","tay","woo","tay",0
"531","2afc","child","3R6E","B","fenYigZ4",17,"lepal","woo","bae","woo","woo",1
"532","2afc","child","3R6E","B","fenYigZ4",18,"flairb","po","tay","tay","tay",1
"533","2afc","child","3R6E","B","fenYigZ4",19,"mawg","woo","po","po","woo",0
"534","2afc","child","3R6E","B","fenYigZ4",20,"zup","tay","ka","ka","tay",0
"535","2afc","child","3R6E","B","fenYigZ4",21,"zup","ka","po","ka","ka",1
"536","2afc","child","3R6E","B","fenYigZ4",22,"flairb","tay","ka","tay","tay",1
"537","2afc","child","3R6E","B","fenYigZ4",23,"mawg","muy","po","po","po",1
"538","2afc","child","3R6E","B","fenYigZ4",24,"zup","ka","muy","ka","ka",1
"539","2afc","child","3R6E","B","fenYigZ4",25,"mawg","po","ka","po","po",1
"540","2afc","child","3R6E","B","fenYigZ4",26,"daygin","ka","woo","ka","woo",0
"541","2afc","child","3R6E","B","l6ByrfhD",0,"mawg","po","ka","po","po",1
"542","2afc","child","3R6E","B","l6ByrfhD",1,"spad","bae","tay","bae","bae",1
"543","2afc","child","3R6E","B","l6ByrfhD",2,"tomber","ka","lee","ka","ka",1
"544","2afc","child","3R6E","B","l6ByrfhD",3,"zup","tay","ka","ka","tay",0
"545","2afc","child","3R6E","B","l6ByrfhD",4,"tomber","tay","ka","ka","ka",1
"546","2afc","child","3R6E","B","l6ByrfhD",5,"glim","lee","ka","lee","lee",1
"547","2afc","child","3R6E","B","l6ByrfhD",6,"mawg","woo","po","po","po",1
"548","2afc","child","3R6E","B","l6ByrfhD",7,"flairb","po","tay","tay","tay",1
"549","2afc","child","3R6E","B","l6ByrfhD",8,"spad","lee","bae","bae","bae",1
"550","2afc","child","3R6E","B","l6ByrfhD",9,"tomber","ka","po","ka","ka",1
"551","2afc","child","3R6E","B","l6ByrfhD",10,"daygin","ka","woo","ka","ka",1
"552","2afc","child","3R6E","B","l6ByrfhD",11,"lepal","woo","bae","woo","woo",1
"553","2afc","child","3R6E","B","l6ByrfhD",12,"lepal","muy","woo","woo","woo",1
"554","2afc","child","3R6E","B","l6ByrfhD",13,"daygin","po","ka","ka","ka",1
"555","2afc","child","3R6E","B","l6ByrfhD",14,"zup","ka","po","ka","ka",1
"556","2afc","child","3R6E","B","l6ByrfhD",15,"lepal","woo","tay","woo","woo",1
"557","2afc","child","3R6E","B","l6ByrfhD",16,"daygin","ka","bae","ka","ka",1
"558","2afc","child","3R6E","B","l6ByrfhD",17,"klidam","woo","muy","muy","woo",0
"559","2afc","child","3R6E","B","l6ByrfhD",18,"zup","ka","muy","ka","muy",0
"560","2afc","child","3R6E","B","l6ByrfhD",19,"klidam","bae","muy","muy","bae",0
"561","2afc","child","3R6E","B","l6ByrfhD",20,"mawg","muy","po","po","po",1
"562","2afc","child","3R6E","B","l6ByrfhD",21,"glim","bae","lee","lee","lee",1
"563","2afc","child","3R6E","B","l6ByrfhD",22,"klidam","muy","lee","muy","muy",1
"564","2afc","child","3R6E","B","l6ByrfhD",23,"spad","ka","bae","bae","bae",1
"565","2afc","child","3R6E","B","l6ByrfhD",24,"flairb","tay","lee","tay","tay",1
"566","2afc","child","3R6E","B","l6ByrfhD",25,"flairb","tay","ka","tay","tay",1
"567","2afc","child","3R6E","B","l6ByrfhD",26,"glim","lee","woo","lee","lee",1
"568","2afc","child","3R6E","B","zpzxpF7b",0,"glim","lee","ka","lee","lee",1
"569","2afc","child","3R6E","B","zpzxpF7b",1,"lepal","woo","tay","woo","tay",0
"570","2afc","child","3R6E","B","zpzxpF7b",2,"glim","bae","lee","lee","lee",1
"571","2afc","child","3R6E","B","zpzxpF7b",3,"tomber","tay","ka","ka","tay",0
"572","2afc","child","3R6E","B","zpzxpF7b",4,"flairb","tay","ka","tay","tay",1
"573","2afc","child","3R6E","B","zpzxpF7b",5,"lepal","muy","woo","woo","woo",1
"574","2afc","child","3R6E","B","zpzxpF7b",6,"zup","ka","po","ka","ka",1
"575","2afc","child","3R6E","B","zpzxpF7b",7,"daygin","ka","woo","ka","ka",1
"576","2afc","child","3R6E","B","zpzxpF7b",8,"tomber","ka","lee","ka","ka",1
"577","2afc","child","3R6E","B","zpzxpF7b",9,"klidam","bae","muy","muy","muy",1
"578","2afc","child","3R6E","B","zpzxpF7b",10,"zup","ka","muy","ka","ka",1
"579","2afc","child","3R6E","B","zpzxpF7b",11,"mawg","po","ka","po","po",1
"580","2afc","child","3R6E","B","zpzxpF7b",12,"spad","lee","bae","bae","bae",1
"581","2afc","child","3R6E","B","zpzxpF7b",13,"flairb","po","tay","tay","po",0
"582","2afc","child","3R6E","B","zpzxpF7b",14,"spad","ka","bae","bae","bae",1
"583","2afc","child","3R6E","B","zpzxpF7b",15,"mawg","woo","po","po","po",1
"584","2afc","child","3R6E","B","zpzxpF7b",16,"daygin","ka","bae","ka","bae",0
"585","2afc","child","3R6E","B","zpzxpF7b",17,"zup","tay","ka","ka","tay",0
"586","2afc","child","3R6E","B","zpzxpF7b",18,"glim","lee","woo","lee","woo",0
"587","2afc","child","3R6E","B","zpzxpF7b",19,"klidam","muy","lee","muy","lee",0
"588","2afc","child","3R6E","B","zpzxpF7b",20,"mawg","muy","po","po","po",1
"589","2afc","child","3R6E","B","zpzxpF7b",21,"spad","bae","tay","bae","bae",1
"590","2afc","child","3R6E","B","zpzxpF7b",22,"klidam","woo","muy","muy","muy",1
"591","2afc","child","3R6E","B","zpzxpF7b",23,"daygin","po","ka","ka","ka",1
"592","2afc","child","3R6E","B","zpzxpF7b",24,"flairb","tay","lee","tay","tay",1
"593","2afc","child","3R6E","B","zpzxpF7b",25,"lepal","woo","bae","woo","woo",1
"594","2afc","child","3R6E","B","zpzxpF7b",26,"tomber","ka","po","ka","po",0
"595","2afc","child","5R4E","A","1e9jQang",0,"lepal","bae","ka","ka","ka",1
"596","2afc","child","5R4E","A","1e9jQang",1,"lepal","po","ka","ka","ka",1
"597","2afc","child","5R4E","A","1e9jQang",2,"spad","lee","ka","ka","lee",0
"598","2afc","child","5R4E","A","1e9jQang",3,"mawg","ka","bae","ka","ka",1
"599","2afc","child","5R4E","A","1e9jQang",4,"lepal","ka","tay","ka","ka",1
"600","2afc","child","5R4E","A","1e9jQang",5,"spad","tay","ka","ka","ka",1
"601","2afc","child","5R4E","A","1e9jQang",6,"daygin","lee","bae","bae","lee",0
"602","2afc","child","5R4E","A","1e9jQang",7,"klidam","tay","lee","tay","lee",0
"603","2afc","child","5R4E","A","1e9jQang",8,"zup","lee","bae","lee","lee",1
"604","2afc","child","5R4E","A","1e9jQang",9,"glim","tay","ka","ka","ka",1
"605","2afc","child","5R4E","A","1e9jQang",10,"glim","ka","bae","ka","ka",1
"606","2afc","child","5R4E","A","1e9jQang",11,"mawg","ka","po","ka","ka",1
"607","2afc","child","5R4E","A","1e9jQang",12,"flairb","bae","ka","ka","ka",1
"608","2afc","child","5R4E","A","1e9jQang",13,"tomber","po","lee","po","po",1
"609","2afc","child","5R4E","A","1e9jQang",14,"zup","ka","lee","lee","lee",1
"610","2afc","child","5R4E","A","1e9jQang",15,"klidam","po","tay","tay","po",0
"611","2afc","child","5R4E","A","1e9jQang",16,"tomber","po","ka","po","ka",0
"612","2afc","child","5R4E","A","1e9jQang",17,"mawg","lee","ka","ka","ka",1
"613","2afc","child","5R4E","A","1e9jQang",18,"glim","ka","po","ka","ka",1
"614","2afc","child","5R4E","A","1e9jQang",19,"spad","ka","bae","ka","ka",1
"615","2afc","child","5R4E","A","1e9jQang",20,"daygin","bae","ka","bae","ka",0
"616","2afc","child","5R4E","A","1e9jQang",21,"flairb","ka","lee","ka","ka",1
"617","2afc","child","5R4E","A","1e9jQang",22,"zup","lee","tay","lee","lee",1
"618","2afc","child","5R4E","A","1e9jQang",23,"tomber","tay","po","po","po",1
"619","2afc","child","5R4E","A","1e9jQang",24,"daygin","bae","po","bae","po",0
"620","2afc","child","5R4E","A","1e9jQang",25,"flairb","po","ka","ka","ka",1
"621","2afc","child","5R4E","A","1e9jQang",26,"klidam","ka","tay","tay","ka",0
"622","2afc","child","5R4E","A","cMHNPS0S",0,"glim","tay","ka","ka","ka",1
"623","2afc","child","5R4E","A","cMHNPS0S",1,"klidam","ka","tay","tay","ka",0
"624","2afc","child","5R4E","A","cMHNPS0S",2,"spad","ka","bae","ka","ka",1
"625","2afc","child","5R4E","A","cMHNPS0S",3,"mawg","lee","ka","ka","ka",1
"626","2afc","child","5R4E","A","cMHNPS0S",4,"klidam","po","tay","tay","tay",1
"627","2afc","child","5R4E","A","cMHNPS0S",5,"daygin","bae","po","bae","bae",1
"628","2afc","child","5R4E","A","cMHNPS0S",6,"lepal","bae","ka","ka","ka",1
"629","2afc","child","5R4E","A","cMHNPS0S",7,"zup","ka","lee","lee","ka",0
"630","2afc","child","5R4E","A","cMHNPS0S",8,"spad","tay","ka","ka","ka",1
"631","2afc","child","5R4E","A","cMHNPS0S",9,"zup","lee","bae","lee","lee",1
"632","2afc","child","5R4E","A","cMHNPS0S",10,"lepal","ka","tay","ka","ka",1
"633","2afc","child","5R4E","A","cMHNPS0S",11,"lepal","po","ka","ka","ka",1
"634","2afc","child","5R4E","A","cMHNPS0S",12,"flairb","po","ka","ka","ka",1
"635","2afc","child","5R4E","A","cMHNPS0S",13,"mawg","ka","po","ka","ka",1
"636","2afc","child","5R4E","A","cMHNPS0S",14,"flairb","bae","ka","ka","ka",1
"637","2afc","child","5R4E","A","cMHNPS0S",15,"daygin","lee","bae","bae","bae",1
"638","2afc","child","5R4E","A","cMHNPS0S",16,"klidam","tay","lee","tay","lee",0
"639","2afc","child","5R4E","A","cMHNPS0S",17,"tomber","po","ka","po","ka",0
"640","2afc","child","5R4E","A","cMHNPS0S",18,"zup","lee","tay","lee","lee",1
"641","2afc","child","5R4E","A","cMHNPS0S",19,"mawg","ka","bae","ka","ka",1
"642","2afc","child","5R4E","A","cMHNPS0S",20,"tomber","po","lee","po","lee",0
"643","2afc","child","5R4E","A","cMHNPS0S",21,"daygin","bae","ka","bae","bae",1
"644","2afc","child","5R4E","A","cMHNPS0S",22,"glim","ka","po","ka","ka",1
"645","2afc","child","5R4E","A","cMHNPS0S",23,"spad","lee","ka","ka","ka",1
"646","2afc","child","5R4E","A","cMHNPS0S",24,"flairb","ka","lee","ka","ka",1
"647","2afc","child","5R4E","A","cMHNPS0S",25,"tomber","tay","po","po","po",1
"648","2afc","child","5R4E","A","cMHNPS0S",26,"glim","ka","bae","ka","ka",1
"649","2afc","child","5R4E","A","hUQHG9WB",0,"flairb","ka","lee","ka","lee",0
"650","2afc","child","5R4E","A","hUQHG9WB",1,"daygin","bae","po","bae","bae",1
"651","2afc","child","5R4E","A","hUQHG9WB",2,"spad","ka","bae","ka","bae",0
"652","2afc","child","5R4E","A","hUQHG9WB",3,"tomber","tay","po","po","po",1
"653","2afc","child","5R4E","A","hUQHG9WB",4,"spad","tay","ka","ka","ka",1
"654","2afc","child","5R4E","A","hUQHG9WB",5,"klidam","ka","tay","tay","tay",1
"655","2afc","child","5R4E","A","hUQHG9WB",6,"lepal","bae","ka","ka","bae",0
"656","2afc","child","5R4E","A","hUQHG9WB",7,"glim","tay","ka","ka","tay",0
"657","2afc","child","5R4E","A","hUQHG9WB",8,"tomber","po","lee","po","po",1
"658","2afc","child","5R4E","A","hUQHG9WB",9,"mawg","ka","po","ka","po",0
"659","2afc","child","5R4E","A","hUQHG9WB",10,"lepal","po","ka","ka","po",0
"660","2afc","child","5R4E","A","hUQHG9WB",11,"zup","lee","bae","lee","lee",1
"661","2afc","child","5R4E","A","hUQHG9WB",12,"tomber","po","ka","po","po",1
"662","2afc","child","5R4E","A","hUQHG9WB",13,"zup","lee","tay","lee","lee",1
"663","2afc","child","5R4E","A","hUQHG9WB",14,"lepal","ka","tay","ka","ka",1
"664","2afc","child","5R4E","A","hUQHG9WB",15,"daygin","lee","bae","bae","bae",1
"665","2afc","child","5R4E","A","hUQHG9WB",16,"mawg","ka","bae","ka","bae",0
"666","2afc","child","5R4E","A","hUQHG9WB",17,"glim","ka","bae","ka","ka",1
"667","2afc","child","5R4E","A","hUQHG9WB",18,"glim","ka","po","ka","po",0
"668","2afc","child","5R4E","A","hUQHG9WB",19,"klidam","po","tay","tay","tay",1
"669","2afc","child","5R4E","A","hUQHG9WB",20,"spad","lee","ka","ka","ka",1
"670","2afc","child","5R4E","A","hUQHG9WB",21,"zup","ka","lee","lee","lee",1
"671","2afc","child","5R4E","A","hUQHG9WB",22,"daygin","bae","ka","bae","bae",1
"672","2afc","child","5R4E","A","hUQHG9WB",23,"mawg","lee","ka","ka","lee",0
"673","2afc","child","5R4E","A","hUQHG9WB",24,"klidam","tay","lee","tay","tay",1
"674","2afc","child","5R4E","A","hUQHG9WB",25,"flairb","bae","ka","ka","ka",1
"675","2afc","child","5R4E","A","hUQHG9WB",26,"flairb","po","ka","ka","po",0
"676","2afc","child","5R4E","A","lEvuNZdV",0,"klidam","tay","lee","tay","tay",1
"677","2afc","child","5R4E","A","lEvuNZdV",1,"flairb","po","ka","ka","ka",1
"678","2afc","child","5R4E","A","lEvuNZdV",2,"zup","lee","bae","lee","lee",1
"679","2afc","child","5R4E","A","lEvuNZdV",3,"mawg","lee","ka","ka","ka",1
"680","2afc","child","5R4E","A","lEvuNZdV",4,"glim","ka","bae","ka","ka",1
"681","2afc","child","5R4E","A","lEvuNZdV",5,"flairb","ka","lee","ka","ka",1
"682","2afc","child","5R4E","A","lEvuNZdV",6,"lepal","po","ka","ka","ka",1
"683","2afc","child","5R4E","A","lEvuNZdV",7,"lepal","ka","tay","ka","ka",1
"684","2afc","child","5R4E","A","lEvuNZdV",8,"daygin","lee","bae","bae","lee",0
"685","2afc","child","5R4E","A","lEvuNZdV",9,"spad","lee","ka","ka","ka",1
"686","2afc","child","5R4E","A","lEvuNZdV",10,"tomber","tay","po","po","po",1
"687","2afc","child","5R4E","A","lEvuNZdV",11,"daygin","bae","ka","bae","ka",0
"688","2afc","child","5R4E","A","lEvuNZdV",12,"lepal","bae","ka","ka","ka",1
"689","2afc","child","5R4E","A","lEvuNZdV",13,"mawg","ka","po","ka","ka",1
"690","2afc","child","5R4E","A","lEvuNZdV",14,"spad","tay","ka","ka","ka",1
"691","2afc","child","5R4E","A","lEvuNZdV",15,"mawg","ka","bae","ka","ka",1
"692","2afc","child","5R4E","A","lEvuNZdV",16,"glim","tay","ka","ka","ka",1
"693","2afc","child","5R4E","A","lEvuNZdV",17,"flairb","bae","ka","ka","ka",1
"694","2afc","child","5R4E","A","lEvuNZdV",18,"spad","ka","bae","ka","ka",1
"695","2afc","child","5R4E","A","lEvuNZdV",19,"glim","ka","po","ka","ka",1
"696","2afc","child","5R4E","A","lEvuNZdV",20,"klidam","ka","tay","tay","ka",0
"697","2afc","child","5R4E","A","lEvuNZdV",21,"daygin","bae","po","bae","po",0
"698","2afc","child","5R4E","A","lEvuNZdV",22,"zup","lee","tay","lee","lee",1
"699","2afc","child","5R4E","A","lEvuNZdV",23,"zup","ka","lee","lee","lee",1
"700","2afc","child","5R4E","A","lEvuNZdV",24,"tomber","po","ka","po","ka",0
"701","2afc","child","5R4E","A","lEvuNZdV",25,"klidam","po","tay","tay","tay",1
"702","2afc","child","5R4E","A","lEvuNZdV",26,"tomber","po","lee","po","po",1
"703","2afc","child","5R4E","A","OXq608k0",0,"spad","ka","bae","ka","ka",1
"704","2afc","child","5R4E","A","OXq608k0",1,"flairb","ka","lee","ka","lee",0
"705","2afc","child","5R4E","A","OXq608k0",2,"tomber","tay","po","po","po",1
"706","2afc","child","5R4E","A","OXq608k0",3,"flairb","po","ka","ka","ka",1
"707","2afc","child","5R4E","A","OXq608k0",4,"klidam","tay","lee","tay","tay",1
"708","2afc","child","5R4E","A","OXq608k0",5,"zup","lee","bae","lee","lee",1
"709","2afc","child","5R4E","A","OXq608k0",6,"tomber","po","ka","po","po",1
"710","2afc","child","5R4E","A","OXq608k0",7,"zup","lee","tay","lee","lee",1
"711","2afc","child","5R4E","A","OXq608k0",8,"mawg","ka","po","ka","ka",1
"712","2afc","child","5R4E","A","OXq608k0",9,"flairb","bae","ka","ka","ka",1
"713","2afc","child","5R4E","A","OXq608k0",10,"daygin","lee","bae","bae","lee",0
"714","2afc","child","5R4E","A","OXq608k0",11,"zup","ka","lee","lee","lee",1
"715","2afc","child","5R4E","A","OXq608k0",12,"glim","tay","ka","ka","tay",0
"716","2afc","child","5R4E","A","OXq608k0",13,"lepal","ka","tay","ka","ka",1
"717","2afc","child","5R4E","A","OXq608k0",14,"tomber","po","lee","po","po",1
"718","2afc","child","5R4E","A","OXq608k0",15,"glim","ka","po","ka","ka",1
"719","2afc","child","5R4E","A","OXq608k0",16,"lepal","po","ka","ka","ka",1
"720","2afc","child","5R4E","A","OXq608k0",17,"klidam","po","tay","tay","po",0
"721","2afc","child","5R4E","A","OXq608k0",18,"spad","tay","ka","ka","ka",1
"722","2afc","child","5R4E","A","OXq608k0",19,"mawg","ka","bae","ka","ka",1
"723","2afc","child","5R4E","A","OXq608k0",20,"glim","ka","bae","ka","ka",1
"724","2afc","child","5R4E","A","OXq608k0",21,"lepal","bae","ka","ka","ka",1
"725","2afc","child","5R4E","A","OXq608k0",22,"daygin","bae","po","bae","po",0
"726","2afc","child","5R4E","A","OXq608k0",23,"mawg","lee","ka","ka","lee",0
"727","2afc","child","5R4E","A","OXq608k0",24,"spad","lee","ka","ka","ka",1
"728","2afc","child","5R4E","A","OXq608k0",25,"daygin","bae","ka","bae","ka",0
"729","2afc","child","5R4E","A","OXq608k0",26,"klidam","ka","tay","tay","ka",0
"730","2afc","child","5R4E","A","pENKfd78",0,"zup","ka","lee","lee","lee",1
"731","2afc","child","5R4E","A","pENKfd78",1,"lepal","bae","ka","ka","ka",1
"732","2afc","child","5R4E","A","pENKfd78",2,"flairb","po","ka","ka","po",0
"733","2afc","child","5R4E","A","pENKfd78",3,"klidam","ka","tay","tay","ka",0
"734","2afc","child","5R4E","A","pENKfd78",4,"flairb","ka","lee","ka","ka",1
"735","2afc","child","5R4E","A","pENKfd78",5,"daygin","lee","bae","bae","bae",1
"736","2afc","child","5R4E","A","pENKfd78",6,"tomber","po","lee","po","po",1
"737","2afc","child","5R4E","A","pENKfd78",7,"tomber","tay","po","po","po",1
"738","2afc","child","5R4E","A","pENKfd78",8,"zup","lee","bae","lee","bae",0
"739","2afc","child","5R4E","A","pENKfd78",9,"glim","tay","ka","ka","ka",1
"740","2afc","child","5R4E","A","pENKfd78",10,"lepal","po","ka","ka","ka",1
"741","2afc","child","5R4E","A","pENKfd78",11,"mawg","lee","ka","ka","ka",1
"742","2afc","child","5R4E","A","pENKfd78",12,"spad","lee","ka","ka","ka",1
"743","2afc","child","5R4E","A","pENKfd78",13,"spad","tay","ka","ka","ka",1
"744","2afc","child","5R4E","A","pENKfd78",14,"daygin","bae","po","bae","po",0
"745","2afc","child","5R4E","A","pENKfd78",15,"lepal","ka","tay","ka","ka",1
"746","2afc","child","5R4E","A","pENKfd78",16,"tomber","po","ka","po","ka",0
"747","2afc","child","5R4E","A","pENKfd78",17,"spad","ka","bae","ka","ka",1
"748","2afc","child","5R4E","A","pENKfd78",18,"glim","ka","bae","ka","ka",1
"749","2afc","child","5R4E","A","pENKfd78",19,"klidam","po","tay","tay","tay",1
"750","2afc","child","5R4E","A","pENKfd78",20,"klidam","tay","lee","tay","tay",1
"751","2afc","child","5R4E","A","pENKfd78",21,"daygin","bae","ka","bae","ka",0
"752","2afc","child","5R4E","A","pENKfd78",22,"flairb","bae","ka","ka","ka",1
"753","2afc","child","5R4E","A","pENKfd78",23,"mawg","ka","po","ka","ka",1
"754","2afc","child","5R4E","A","pENKfd78",24,"glim","ka","po","ka","ka",1
"755","2afc","child","5R4E","A","pENKfd78",25,"mawg","ka","bae","ka","ka",1
"756","2afc","child","5R4E","A","pENKfd78",26,"zup","lee","tay","lee","lee",1
"757","2afc","child","5R4E","A","XP2fHc4D",0,"spad","lee","ka","ka","lee",0
"758","2afc","child","5R4E","A","XP2fHc4D",1,"tomber","po","lee","po","po",1
"759","2afc","child","5R4E","A","XP2fHc4D",2,"tomber","tay","po","po","po",1
"760","2afc","child","5R4E","A","XP2fHc4D",3,"zup","ka","lee","lee","lee",1
"761","2afc","child","5R4E","A","XP2fHc4D",4,"spad","ka","bae","ka","ka",1
"762","2afc","child","5R4E","A","XP2fHc4D",5,"flairb","po","ka","ka","po",0
"763","2afc","child","5R4E","A","XP2fHc4D",6,"klidam","po","tay","tay","po",0
"764","2afc","child","5R4E","A","XP2fHc4D",7,"spad","tay","ka","ka","ka",1
"765","2afc","child","5R4E","A","XP2fHc4D",8,"klidam","ka","tay","tay","tay",1
"766","2afc","child","5R4E","A","XP2fHc4D",9,"lepal","bae","ka","ka","ka",1
"767","2afc","child","5R4E","A","XP2fHc4D",10,"zup","lee","tay","lee","lee",1
"768","2afc","child","5R4E","A","XP2fHc4D",11,"daygin","bae","po","bae","bae",1
"769","2afc","child","5R4E","A","XP2fHc4D",12,"glim","ka","po","ka","ka",1
"770","2afc","child","5R4E","A","XP2fHc4D",13,"flairb","ka","lee","ka","lee",0
"771","2afc","child","5R4E","A","XP2fHc4D",14,"daygin","bae","ka","bae","bae",1
"772","2afc","child","5R4E","A","XP2fHc4D",15,"mawg","ka","po","ka","ka",1
"773","2afc","child","5R4E","A","XP2fHc4D",16,"lepal","po","ka","ka","ka",1
"774","2afc","child","5R4E","A","XP2fHc4D",17,"flairb","bae","ka","ka","ka",1
"775","2afc","child","5R4E","A","XP2fHc4D",18,"mawg","ka","bae","ka","ka",1
"776","2afc","child","5R4E","A","XP2fHc4D",19,"zup","lee","bae","lee","lee",1
"777","2afc","child","5R4E","A","XP2fHc4D",20,"daygin","lee","bae","bae","bae",1
"778","2afc","child","5R4E","A","XP2fHc4D",21,"mawg","lee","ka","ka","ka",1
"779","2afc","child","5R4E","A","XP2fHc4D",22,"lepal","ka","tay","ka","ka",1
"780","2afc","child","5R4E","A","XP2fHc4D",23,"klidam","tay","lee","tay","tay",1
"781","2afc","child","5R4E","A","XP2fHc4D",24,"glim","ka","bae","ka","ka",1
"782","2afc","child","5R4E","A","XP2fHc4D",25,"glim","tay","ka","ka","tay",0
"783","2afc","child","5R4E","A","XP2fHc4D",26,"tomber","po","ka","po","po",1
"784","2afc","child","5R4E","B","261YkRNf",0,"flairb","tay","po","tay","tay",1
"785","2afc","child","5R4E","B","261YkRNf",1,"mawg","po","ka","po","po",1
"786","2afc","child","5R4E","B","261YkRNf",2,"lepal","ka","tay","ka","tay",0
"787","2afc","child","5R4E","B","261YkRNf",3,"tomber","ka","po","ka","ka",1
"788","2afc","child","5R4E","B","261YkRNf",4,"tomber","tay","ka","ka","ka",1
"789","2afc","child","5R4E","B","261YkRNf",5,"zup","tay","ka","ka","tay",0
"790","2afc","child","5R4E","B","261YkRNf",6,"daygin","ka","bae","ka","ka",1
"791","2afc","child","5R4E","B","261YkRNf",7,"zup","ka","po","ka","po",0
"792","2afc","child","5R4E","B","261YkRNf",8,"spad","ka","bae","bae","ka",0
"793","2afc","child","5R4E","B","261YkRNf",9,"klidam","lee","ka","ka","lee",0
"794","2afc","child","5R4E","B","261YkRNf",10,"glim","lee","ka","lee","ka",0
"795","2afc","child","5R4E","B","261YkRNf",11,"mawg","po","lee","po","po",1
"796","2afc","child","5R4E","B","261YkRNf",12,"zup","ka","bae","ka","ka",1
"797","2afc","child","5R4E","B","261YkRNf",13,"tomber","ka","lee","ka","lee",0
"798","2afc","child","5R4E","B","261YkRNf",14,"lepal","po","ka","ka","po",0
"799","2afc","child","5R4E","B","261YkRNf",15,"daygin","po","ka","ka","po",0
"800","2afc","child","5R4E","B","261YkRNf",16,"flairb","ka","tay","tay","ka",0
"801","2afc","child","5R4E","B","261YkRNf",17,"klidam","po","ka","ka","ka",1
"802","2afc","child","5R4E","B","261YkRNf",18,"klidam","ka","bae","ka","ka",1
"803","2afc","child","5R4E","B","261YkRNf",19,"daygin","lee","ka","ka","ka",1
"804","2afc","child","5R4E","B","261YkRNf",20,"spad","bae","lee","bae","lee",0
"805","2afc","child","5R4E","B","261YkRNf",21,"glim","bae","lee","lee","lee",1
"806","2afc","child","5R4E","B","261YkRNf",22,"flairb","lee","tay","tay","lee",0
"807","2afc","child","5R4E","B","261YkRNf",23,"glim","tay","lee","lee","tay",0
"808","2afc","child","5R4E","B","261YkRNf",24,"mawg","tay","po","po","po",1
"809","2afc","child","5R4E","B","261YkRNf",25,"spad","bae","tay","bae","bae",1
"810","2afc","child","5R4E","B","261YkRNf",26,"lepal","bae","ka","ka","ka",1
"811","2afc","child","5R4E","B","4OBi0SLE",0,"lepal","bae","ka","ka","bae",0
"812","2afc","child","5R4E","B","4OBi0SLE",1,"tomber","tay","ka","ka","tay",0
"813","2afc","child","5R4E","B","4OBi0SLE",2,"spad","bae","tay","bae","tay",0
"814","2afc","child","5R4E","B","4OBi0SLE",3,"daygin","ka","bae","ka","ka",1
"815","2afc","child","5R4E","B","4OBi0SLE",4,"daygin","lee","ka","ka","lee",0
"816","2afc","child","5R4E","B","4OBi0SLE",5,"spad","ka","bae","bae","bae",1
"817","2afc","child","5R4E","B","4OBi0SLE",6,"mawg","tay","po","po","tay",0
"818","2afc","child","5R4E","B","4OBi0SLE",7,"mawg","po","lee","po","po",1
"819","2afc","child","5R4E","B","4OBi0SLE",8,"klidam","lee","ka","ka","lee",0
"820","2afc","child","5R4E","B","4OBi0SLE",9,"zup","ka","bae","ka","bae",0
"821","2afc","child","5R4E","B","4OBi0SLE",10,"glim","tay","lee","lee","lee",1
"822","2afc","child","5R4E","B","4OBi0SLE",11,"flairb","ka","tay","tay","ka",0
"823","2afc","child","5R4E","B","4OBi0SLE",12,"zup","ka","po","ka","po",0
"824","2afc","child","5R4E","B","4OBi0SLE",13,"zup","tay","ka","ka","ka",1
"825","2afc","child","5R4E","B","4OBi0SLE",14,"mawg","po","ka","po","po",1
"826","2afc","child","5R4E","B","4OBi0SLE",15,"lepal","po","ka","ka","po",0
"827","2afc","child","5R4E","B","4OBi0SLE",16,"lepal","ka","tay","ka","ka",1
"828","2afc","child","5R4E","B","4OBi0SLE",17,"tomber","ka","lee","ka","ka",1
"829","2afc","child","5R4E","B","4OBi0SLE",18,"flairb","lee","tay","tay","lee",0
"830","2afc","child","5R4E","B","4OBi0SLE",19,"klidam","ka","bae","ka","bae",0
"831","2afc","child","5R4E","B","4OBi0SLE",20,"tomber","ka","po","ka","ka",1
"832","2afc","child","5R4E","B","4OBi0SLE",21,"klidam","po","ka","ka","po",0
"833","2afc","child","5R4E","B","4OBi0SLE",22,"flairb","tay","po","tay","tay",1
"834","2afc","child","5R4E","B","4OBi0SLE",23,"glim","bae","lee","lee","lee",1
"835","2afc","child","5R4E","B","4OBi0SLE",24,"glim","lee","ka","lee","lee",1
"836","2afc","child","5R4E","B","4OBi0SLE",25,"daygin","po","ka","ka","ka",1
"837","2afc","child","5R4E","B","4OBi0SLE",26,"spad","bae","lee","bae","bae",1
"838","2afc","child","5R4E","B","CImhrbtp",0,"klidam","lee","ka","ka","lee",0
"839","2afc","child","5R4E","B","CImhrbtp",1,"daygin","po","ka","ka","ka",1
"840","2afc","child","5R4E","B","CImhrbtp",2,"daygin","ka","bae","ka","ka",1
"841","2afc","child","5R4E","B","CImhrbtp",3,"mawg","po","lee","po","po",1
"842","2afc","child","5R4E","B","CImhrbtp",4,"spad","bae","tay","bae","bae",1
"843","2afc","child","5R4E","B","CImhrbtp",5,"spad","ka","bae","bae","bae",1
"844","2afc","child","5R4E","B","CImhrbtp",6,"daygin","lee","ka","ka","lee",0
"845","2afc","child","5R4E","B","CImhrbtp",7,"tomber","tay","ka","ka","tay",0
"846","2afc","child","5R4E","B","CImhrbtp",8,"glim","tay","lee","lee","tay",0
"847","2afc","child","5R4E","B","CImhrbtp",9,"flairb","lee","tay","tay","lee",0
"848","2afc","child","5R4E","B","CImhrbtp",10,"spad","bae","lee","bae","lee",0
"849","2afc","child","5R4E","B","CImhrbtp",11,"flairb","ka","tay","tay","tay",1
"850","2afc","child","5R4E","B","CImhrbtp",12,"zup","ka","bae","ka","ka",1
"851","2afc","child","5R4E","B","CImhrbtp",13,"tomber","ka","po","ka","ka",1
"852","2afc","child","5R4E","B","CImhrbtp",14,"zup","ka","po","ka","ka",1
"853","2afc","child","5R4E","B","CImhrbtp",15,"lepal","po","ka","ka","ka",1
"854","2afc","child","5R4E","B","CImhrbtp",16,"zup","tay","ka","ka","tay",0
"855","2afc","child","5R4E","B","CImhrbtp",17,"klidam","po","ka","ka","po",0
"856","2afc","child","5R4E","B","CImhrbtp",18,"lepal","ka","tay","ka","ka",1
"857","2afc","child","5R4E","B","CImhrbtp",19,"flairb","tay","po","tay","tay",1
"858","2afc","child","5R4E","B","CImhrbtp",20,"klidam","ka","bae","ka","ka",1
"859","2afc","child","5R4E","B","CImhrbtp",21,"mawg","po","ka","po","po",1
"860","2afc","child","5R4E","B","CImhrbtp",22,"mawg","tay","po","po","po",1
"861","2afc","child","5R4E","B","CImhrbtp",23,"tomber","ka","lee","ka","ka",1
"862","2afc","child","5R4E","B","CImhrbtp",24,"glim","lee","ka","lee","lee",1
"863","2afc","child","5R4E","B","CImhrbtp",25,"lepal","bae","ka","ka","bae",0
"864","2afc","child","5R4E","B","CImhrbtp",26,"glim","bae","lee","lee","bae",0
"865","2afc","child","5R4E","B","NgJXGU3i",0,"klidam","po","ka","ka","ka",1
"866","2afc","child","5R4E","B","NgJXGU3i",1,"lepal","bae","ka","ka","bae",0
"867","2afc","child","5R4E","B","NgJXGU3i",2,"daygin","ka","bae","ka","ka",1
"868","2afc","child","5R4E","B","NgJXGU3i",3,"lepal","ka","tay","ka","ka",1
"869","2afc","child","5R4E","B","NgJXGU3i",4,"tomber","ka","lee","ka","ka",1
"870","2afc","child","5R4E","B","NgJXGU3i",5,"flairb","tay","po","tay","tay",1
"871","2afc","child","5R4E","B","NgJXGU3i",6,"zup","tay","ka","ka","ka",1
"872","2afc","child","5R4E","B","NgJXGU3i",7,"mawg","tay","po","po","tay",0
"873","2afc","child","5R4E","B","NgJXGU3i",8,"mawg","po","ka","po","po",1
"874","2afc","child","5R4E","B","NgJXGU3i",9,"spad","bae","lee","bae","bae",1
"875","2afc","child","5R4E","B","NgJXGU3i",10,"zup","ka","bae","ka","ka",1
"876","2afc","child","5R4E","B","NgJXGU3i",11,"tomber","tay","ka","ka","ka",1
"877","2afc","child","5R4E","B","NgJXGU3i",12,"spad","ka","bae","bae","ka",0
"878","2afc","child","5R4E","B","NgJXGU3i",13,"flairb","ka","tay","tay","ka",0
"879","2afc","child","5R4E","B","NgJXGU3i",14,"glim","tay","lee","lee","lee",1
"880","2afc","child","5R4E","B","NgJXGU3i",15,"tomber","ka","po","ka","ka",1
"881","2afc","child","5R4E","B","NgJXGU3i",16,"klidam","lee","ka","ka","lee",0
"882","2afc","child","5R4E","B","NgJXGU3i",17,"daygin","lee","ka","ka","lee",0
"883","2afc","child","5R4E","B","NgJXGU3i",18,"lepal","po","ka","ka","po",0
"884","2afc","child","5R4E","B","NgJXGU3i",19,"klidam","ka","bae","ka","ka",1
"885","2afc","child","5R4E","B","NgJXGU3i",20,"daygin","po","ka","ka","po",0
"886","2afc","child","5R4E","B","NgJXGU3i",21,"glim","bae","lee","lee","lee",1
"887","2afc","child","5R4E","B","NgJXGU3i",22,"zup","ka","po","ka","po",0
"888","2afc","child","5R4E","B","NgJXGU3i",23,"flairb","lee","tay","tay","lee",0
"889","2afc","child","5R4E","B","NgJXGU3i",24,"spad","bae","tay","bae","bae",1
"890","2afc","child","5R4E","B","NgJXGU3i",25,"mawg","po","lee","po","po",1
"891","2afc","child","5R4E","B","NgJXGU3i",26,"glim","lee","ka","lee","lee",1
"892","2afc","child","5R4E","B","sSeSQr3C",0,"flairb","lee","tay","tay","lee",0
"893","2afc","child","5R4E","B","sSeSQr3C",1,"zup","tay","ka","ka","ka",1
"894","2afc","child","5R4E","B","sSeSQr3C",2,"flairb","tay","po","tay","tay",1
"895","2afc","child","5R4E","B","sSeSQr3C",3,"daygin","lee","ka","ka","ka",1
"896","2afc","child","5R4E","B","sSeSQr3C",4,"klidam","po","ka","ka","ka",1
"897","2afc","child","5R4E","B","sSeSQr3C",5,"daygin","ka","bae","ka","ka",1
"898","2afc","child","5R4E","B","sSeSQr3C",6,"tomber","ka","po","ka","po",0
"899","2afc","child","5R4E","B","sSeSQr3C",7,"tomber","ka","lee","ka","ka",1
"900","2afc","child","5R4E","B","sSeSQr3C",8,"lepal","po","ka","ka","ka",1
"901","2afc","child","5R4E","B","sSeSQr3C",9,"zup","ka","po","ka","po",0
"902","2afc","child","5R4E","B","sSeSQr3C",10,"mawg","po","lee","po","lee",0
"903","2afc","child","5R4E","B","sSeSQr3C",11,"daygin","po","ka","ka","ka",1
"904","2afc","child","5R4E","B","sSeSQr3C",12,"glim","bae","lee","lee","bae",0
"905","2afc","child","5R4E","B","sSeSQr3C",13,"lepal","ka","tay","ka","ka",1
"906","2afc","child","5R4E","B","sSeSQr3C",14,"klidam","lee","ka","ka","ka",1
"907","2afc","child","5R4E","B","sSeSQr3C",15,"tomber","tay","ka","ka","ka",1
"908","2afc","child","5R4E","B","sSeSQr3C",16,"zup","ka","bae","ka","ka",1
"909","2afc","child","5R4E","B","sSeSQr3C",17,"flairb","ka","tay","tay","ka",0
"910","2afc","child","5R4E","B","sSeSQr3C",18,"mawg","po","ka","po","ka",0
"911","2afc","child","5R4E","B","sSeSQr3C",19,"glim","lee","ka","lee","ka",0
"912","2afc","child","5R4E","B","sSeSQr3C",20,"lepal","bae","ka","ka","ka",1
"913","2afc","child","5R4E","B","sSeSQr3C",21,"klidam","ka","bae","ka","ka",1
"914","2afc","child","5R4E","B","sSeSQr3C",22,"mawg","tay","po","po","po",1
"915","2afc","child","5R4E","B","sSeSQr3C",23,"spad","ka","bae","bae","ka",0
"916","2afc","child","5R4E","B","sSeSQr3C",24,"spad","bae","tay","bae","tay",0
"917","2afc","child","5R4E","B","sSeSQr3C",25,"glim","tay","lee","lee","tay",0
"918","2afc","child","5R4E","B","sSeSQr3C",26,"spad","bae","lee","bae","bae",1
"919","2afc","child","5R4E","B","WjBJQwpl",0,"zup","tay","ka","ka","tay",0
"920","2afc","child","5R4E","B","WjBJQwpl",1,"tomber","tay","ka","ka","tay",0
"921","2afc","child","5R4E","B","WjBJQwpl",2,"zup","ka","po","ka","ka",1
"922","2afc","child","5R4E","B","WjBJQwpl",3,"tomber","ka","po","ka","ka",1
"923","2afc","child","5R4E","B","WjBJQwpl",4,"spad","ka","bae","bae","ka",0
"924","2afc","child","5R4E","B","WjBJQwpl",5,"flairb","ka","tay","tay","ka",0
"925","2afc","child","5R4E","B","WjBJQwpl",6,"tomber","ka","lee","ka","ka",1
"926","2afc","child","5R4E","B","WjBJQwpl",7,"mawg","po","lee","po","po",1
"927","2afc","child","5R4E","B","WjBJQwpl",8,"daygin","po","ka","ka","po",0
"928","2afc","child","5R4E","B","WjBJQwpl",9,"glim","bae","lee","lee","bae",0
"929","2afc","child","5R4E","B","WjBJQwpl",10,"klidam","po","ka","ka","po",0
"930","2afc","child","5R4E","B","WjBJQwpl",11,"spad","bae","tay","bae","bae",1
"931","2afc","child","5R4E","B","WjBJQwpl",12,"klidam","lee","ka","ka","lee",0
"932","2afc","child","5R4E","B","WjBJQwpl",13,"flairb","lee","tay","tay","lee",0
"933","2afc","child","5R4E","B","WjBJQwpl",14,"flairb","tay","po","tay","tay",1
"934","2afc","child","5R4E","B","WjBJQwpl",15,"daygin","lee","ka","ka","lee",0
"935","2afc","child","5R4E","B","WjBJQwpl",16,"mawg","po","ka","po","po",1
"936","2afc","child","5R4E","B","WjBJQwpl",17,"zup","ka","bae","ka","ka",1
"937","2afc","child","5R4E","B","WjBJQwpl",18,"mawg","tay","po","po","tay",0
"938","2afc","child","5R4E","B","WjBJQwpl",19,"klidam","ka","bae","ka","ka",1
"939","2afc","child","5R4E","B","WjBJQwpl",20,"glim","tay","lee","lee","tay",0
"940","2afc","child","5R4E","B","WjBJQwpl",21,"glim","lee","ka","lee","lee",1
"941","2afc","child","5R4E","B","WjBJQwpl",22,"spad","bae","lee","bae","bae",1
"942","2afc","child","5R4E","B","WjBJQwpl",23,"lepal","bae","ka","ka","bae",0
"943","2afc","child","5R4E","B","WjBJQwpl",24,"daygin","ka","bae","ka","ka",1
"944","2afc","child","5R4E","B","WjBJQwpl",25,"lepal","po","ka","ka","po",0
"945","2afc","child","5R4E","B","WjBJQwpl",26,"lepal","ka","tay","ka","ka",1
