"","exp_phase","age_group","condition","language","random_id","trial_order","noun","corr_noun","marker_used","marker_type","regular_form"
"1","production","adult","3R6E","A","35YNZpbM",1,"geed",TRUE,"ka","R",1
"2","production","adult","3R6E","A","35YNZpbM",2,"norg",TRUE,"ka","R",1
"3","production","adult","3R6E","A","35YNZpbM",3,"daffin",TRUE,"woo","e",0
"4","production","adult","3R6E","A","35YNZpbM",4,"flugit",TRUE,"bae","e",0
"5","production","adult","3R6E","A","35YNZpbM",5,"bleggin",TRUE,"ka","R",1
"6","production","adult","3R6E","A","35YNZpbM",6,"daffin",TRUE,"woo","e",0
"7","production","adult","3R6E","A","35YNZpbM",7,"norg",TRUE,"ka","R",1
"8","production","adult","3R6E","A","35YNZpbM",8,"sep",TRUE,"ka","R",1
"9","production","adult","3R6E","A","35YNZpbM",9,"flugit",TRUE,"bae","e",0
"10","production","adult","3R6E","A","35YNZpbM",10,"sep",TRUE,"ka","R",1
"11","production","adult","3R6E","A","35YNZpbM",11,"geed",TRUE,"ka","R",1
"12","production","adult","3R6E","A","35YNZpbM",12,"bleggin",TRUE,"woo","e",0
"13","production","adult","3R6E","A","bO6mZqJi",1,"norg",TRUE,"ka","R",1
"14","production","adult","3R6E","A","bO6mZqJi",2,"bleggin",TRUE,"ka","R",1
"15","production","adult","3R6E","A","bO6mZqJi",3,"flugit",TRUE,"ka","R",1
"16","production","adult","3R6E","A","bO6mZqJi",4,"sep",TRUE,"ka","R",1
"17","production","adult","3R6E","A","bO6mZqJi",5,"flugit",TRUE,"ka","R",1
"18","production","adult","3R6E","A","bO6mZqJi",6,"norg",TRUE,"ka","R",1
"19","production","adult","3R6E","A","bO6mZqJi",7,"sep",TRUE,"ka","R",1
"20","production","adult","3R6E","A","bO6mZqJi",8,"geed",TRUE,"ka","R",1
"21","production","adult","3R6E","A","bO6mZqJi",9,"daffin",TRUE,"ka","R",1
"22","production","adult","3R6E","A","bO6mZqJi",10,"bleggin",TRUE,"ka","R",1
"23","production","adult","3R6E","A","bO6mZqJi",11,"geed",TRUE,"ka","R",1
"24","production","adult","3R6E","A","bO6mZqJi",12,"daffin",TRUE,"ka","R",1
"25","production","adult","3R6E","A","G2PpiTzF",1,"sep",TRUE,"ka","R",1
"26","production","adult","3R6E","A","G2PpiTzF",2,"bleggin",TRUE,"po","e",0
"27","production","adult","3R6E","A","G2PpiTzF",3,"daffin",TRUE,"ka","R",1
"28","production","adult","3R6E","A","G2PpiTzF",4,"flugit",TRUE,"pa","other",0
"29","production","adult","3R6E","A","G2PpiTzF",5,"geed",TRUE,"la","other",0
"30","production","adult","3R6E","A","G2PpiTzF",6,"sep",TRUE,"ka","R",1
"31","production","adult","3R6E","A","G2PpiTzF",7,"flugit",TRUE,"pa","other",0
"32","production","adult","3R6E","A","G2PpiTzF",8,"norg",TRUE,"ki","other",0
"33","production","adult","3R6E","A","G2PpiTzF",9,"bleggin",TRUE,"ka","R",1
"34","production","adult","3R6E","A","G2PpiTzF",10,"daffin",FALSE,"po","e",0
"35","production","adult","3R6E","A","G2PpiTzF",11,"geed",TRUE,"ka","R",1
"36","production","adult","3R6E","A","G2PpiTzF",12,"norg",TRUE,"po","e",0
"37","production","adult","3R6E","A","LWujrfcs",1,"geed",TRUE,"ka","R",1
"38","production","adult","3R6E","A","LWujrfcs",2,"daffin",TRUE,"muy","e",0
"39","production","adult","3R6E","A","LWujrfcs",3,"flugit",TRUE,"ta","other",0
"40","production","adult","3R6E","A","LWujrfcs",4,"daffin",TRUE,"muy","e",0
"41","production","adult","3R6E","A","LWujrfcs",5,"norg",TRUE,"ta","other",0
"42","production","adult","3R6E","A","LWujrfcs",6,"bleggin",TRUE,"muy","e",0
"43","production","adult","3R6E","A","LWujrfcs",7,"sep",TRUE,"ta","other",0
"44","production","adult","3R6E","A","LWujrfcs",8,"bleggin",TRUE,"ta","other",0
"45","production","adult","3R6E","A","LWujrfcs",9,"geed",TRUE,"muy","e",0
"46","production","adult","3R6E","A","LWujrfcs",10,"norg",TRUE,"ta","other",0
"47","production","adult","3R6E","A","LWujrfcs",11,"sep",TRUE,"muy","e",0
"48","production","adult","3R6E","A","LWujrfcs",12,"flugit",TRUE,"ta","other",0
"49","production","adult","3R6E","A","oNriHsIu",1,"norg",TRUE,"ka","R",1
"50","production","adult","3R6E","A","oNriHsIu",2,"daffin",TRUE,"ka","R",1
"51","production","adult","3R6E","A","oNriHsIu",3,"geed",TRUE,"ka","R",1
"52","production","adult","3R6E","A","oNriHsIu",4,"bleggin",TRUE,"ka","R",1
"53","production","adult","3R6E","A","oNriHsIu",5,"norg",TRUE,"ka","R",1
"54","production","adult","3R6E","A","oNriHsIu",6,"flugit",TRUE,"ka","R",1
"55","production","adult","3R6E","A","oNriHsIu",7,"bleggin",TRUE,"ka","R",1
"56","production","adult","3R6E","A","oNriHsIu",8,"sep",TRUE,"ka","R",1
"57","production","adult","3R6E","A","oNriHsIu",9,"sep",TRUE,"ka","R",1
"58","production","adult","3R6E","A","oNriHsIu",10,"geed",TRUE,"ka","R",1
"59","production","adult","3R6E","A","oNriHsIu",11,"flugit",TRUE,"ka","R",1
"60","production","adult","3R6E","A","oNriHsIu",12,"daffin",TRUE,"ka","R",1
"61","production","adult","3R6E","B","2PbAi1kA",1,"flugit",TRUE,"ka","R",1
"62","production","adult","3R6E","B","2PbAi1kA",2,"norg",TRUE,"lee","e",0
"63","production","adult","3R6E","B","2PbAi1kA",3,"sep",TRUE,"woo","e",0
"64","production","adult","3R6E","B","2PbAi1kA",4,"flugit",TRUE,"ka","R",1
"65","production","adult","3R6E","B","2PbAi1kA",5,"geed",TRUE,"woo","e",0
"66","production","adult","3R6E","B","2PbAi1kA",6,"bleggin",TRUE,"ka","R",1
"67","production","adult","3R6E","B","2PbAi1kA",7,"norg",TRUE,"woo","e",0
"68","production","adult","3R6E","B","2PbAi1kA",8,"daffin",TRUE,"ka","R",1
"69","production","adult","3R6E","B","2PbAi1kA",9,"geed",TRUE,"woo","e",0
"70","production","adult","3R6E","B","2PbAi1kA",10,"bleggin",TRUE,"ka","R",1
"71","production","adult","3R6E","B","2PbAi1kA",11,"daffin",TRUE,"ka","R",1
"72","production","adult","3R6E","B","2PbAi1kA",12,"sep",TRUE,"lee","e",0
"73","production","adult","3R6E","B","93gCNAn0",1,"daffin",TRUE,"ka","R",1
"74","production","adult","3R6E","B","93gCNAn0",2,"bleggin",TRUE,"ka","R",1
"75","production","adult","3R6E","B","93gCNAn0",3,"daffin",TRUE,"ka","R",1
"76","production","adult","3R6E","B","93gCNAn0",4,"bleggin",TRUE,"ka","R",1
"77","production","adult","3R6E","B","93gCNAn0",5,"sep",TRUE,"po","e",0
"78","production","adult","3R6E","B","93gCNAn0",6,"norg",TRUE,"ka","R",1
"79","production","adult","3R6E","B","93gCNAn0",7,"norg",TRUE,"ka","R",1
"80","production","adult","3R6E","B","93gCNAn0",8,"sep",TRUE,"po","e",0
"81","production","adult","3R6E","B","93gCNAn0",9,"geed",TRUE,"ka","R",1
"82","production","adult","3R6E","B","93gCNAn0",10,"flugit",TRUE,"po","e",0
"83","production","adult","3R6E","B","93gCNAn0",11,"flugit",TRUE,"po","e",0
"84","production","adult","3R6E","B","93gCNAn0",12,"geed",TRUE,"ka","R",1
"85","production","adult","3R6E","B","dMwoLJYB",1,"norg",TRUE,"ka","R",1
"86","production","adult","3R6E","B","dMwoLJYB",2,"daffin",TRUE,"wog","other",0
"87","production","adult","3R6E","B","dMwoLJYB",3,"norg",TRUE,"ka","R",1
"88","production","adult","3R6E","B","dMwoLJYB",4,"bleggin",TRUE,"wog","other",0
"89","production","adult","3R6E","B","dMwoLJYB",5,"daffin",TRUE,"ka","R",1
"90","production","adult","3R6E","B","dMwoLJYB",6,"sep",TRUE,"ka","R",1
"91","production","adult","3R6E","B","dMwoLJYB",7,"sep",TRUE,"wog","other",0
"92","production","adult","3R6E","B","dMwoLJYB",8,"flugit",TRUE,"wog","other",0
"93","production","adult","3R6E","B","dMwoLJYB",9,"flugit",TRUE,"ka","R",1
"94","production","adult","3R6E","B","dMwoLJYB",10,"geed",TRUE,"ka","R",1
"95","production","adult","3R6E","B","dMwoLJYB",11,"bleggin",TRUE,"ka","R",1
"96","production","adult","3R6E","B","dMwoLJYB",12,"geed",TRUE,"wog","other",0
"97","production","adult","3R6E","B","GFJZE6eJ",1,"flugit",TRUE,"null","null",0
"98","production","adult","3R6E","B","GFJZE6eJ",2,"sep",TRUE,"null","null",0
"99","production","adult","3R6E","B","GFJZE6eJ",3,"bleggin",TRUE,"null","null",0
"100","production","adult","3R6E","B","GFJZE6eJ",4,"sep",TRUE,"null","null",0
"101","production","adult","3R6E","B","GFJZE6eJ",5,"geed",TRUE,"null","null",0
"102","production","adult","3R6E","B","GFJZE6eJ",6,"daffin",TRUE,"null","null",0
"103","production","adult","3R6E","B","GFJZE6eJ",7,"daffin",TRUE,"null","null",0
"104","production","adult","3R6E","B","GFJZE6eJ",8,"flugit",TRUE,"null","null",0
"105","production","adult","3R6E","B","GFJZE6eJ",9,"norg",TRUE,"null","null",0
"106","production","adult","3R6E","B","GFJZE6eJ",10,"bleggin",TRUE,"null","null",0
"107","production","adult","3R6E","B","GFJZE6eJ",11,"geed",TRUE,"null","null",0
"108","production","adult","3R6E","B","GFJZE6eJ",12,"norg",TRUE,"null","null",0
"109","production","adult","3R6E","B","ylEs4PdZ",1,"flugit",TRUE,"ka","R",1
"110","production","adult","3R6E","B","ylEs4PdZ",2,"norg",TRUE,"ka","R",1
"111","production","adult","3R6E","B","ylEs4PdZ",3,"flugit",TRUE,"ka","R",1
"112","production","adult","3R6E","B","ylEs4PdZ",4,"geed",TRUE,"bae","e",0
"113","production","adult","3R6E","B","ylEs4PdZ",5,"bleggin",TRUE,"po","e",0
"114","production","adult","3R6E","B","ylEs4PdZ",6,"sep",TRUE,"woo","e",0
"115","production","adult","3R6E","B","ylEs4PdZ",7,"daffin",TRUE,"woo","e",0
"116","production","adult","3R6E","B","ylEs4PdZ",8,"daffin",TRUE,"woo","e",0
"117","production","adult","3R6E","B","ylEs4PdZ",9,"geed",TRUE,"ka","R",1
"118","production","adult","3R6E","B","ylEs4PdZ",10,"bleggin",TRUE,"bae","e",0
"119","production","adult","3R6E","B","ylEs4PdZ",11,"norg",TRUE,"po","e",0
"120","production","adult","3R6E","B","ylEs4PdZ",12,"sep",TRUE,"woo","e",0
"121","production","adult","5R4E","A","Mq5CajPZ",1,"daffin",TRUE,"ka","R",1
"122","production","adult","5R4E","A","Mq5CajPZ",2,"norg",TRUE,"ka","R",1
"123","production","adult","5R4E","A","Mq5CajPZ",3,"bleggin",TRUE,"ka","R",1
"124","production","adult","5R4E","A","Mq5CajPZ",4,"flugit",TRUE,"ka","R",1
"125","production","adult","5R4E","A","Mq5CajPZ",5,"norg",TRUE,"ka","R",1
"126","production","adult","5R4E","A","Mq5CajPZ",6,"flugit",TRUE,"ka","R",1
"127","production","adult","5R4E","A","Mq5CajPZ",7,"geed",TRUE,"ka","R",1
"128","production","adult","5R4E","A","Mq5CajPZ",8,"geed",TRUE,"ka","R",1
"129","production","adult","5R4E","A","Mq5CajPZ",9,"sep",TRUE,"ka","R",1
"130","production","adult","5R4E","A","Mq5CajPZ",10,"bleggin",TRUE,"ka","R",1
"131","production","adult","5R4E","A","Mq5CajPZ",11,"sep",TRUE,"ka","R",1
"132","production","adult","5R4E","A","Mq5CajPZ",12,"daffin",TRUE,"ka","R",1
"133","production","adult","5R4E","A","nmtVuc6N",1,"norg",TRUE,"ka","R",1
"134","production","adult","5R4E","A","nmtVuc6N",2,"bleggin",TRUE,"ka","R",1
"135","production","adult","5R4E","A","nmtVuc6N",3,"daffin",TRUE,"ka","R",1
"136","production","adult","5R4E","A","nmtVuc6N",4,"flugit",TRUE,"ka","R",1
"137","production","adult","5R4E","A","nmtVuc6N",5,"sep",TRUE,"ka","R",1
"138","production","adult","5R4E","A","nmtVuc6N",6,"geed",TRUE,"ka","R",1
"139","production","adult","5R4E","A","nmtVuc6N",7,"geed",TRUE,"ka","R",1
"140","production","adult","5R4E","A","nmtVuc6N",8,"norg",TRUE,"ka","R",1
"141","production","adult","5R4E","A","nmtVuc6N",9,"bleggin",TRUE,"ka","R",1
"142","production","adult","5R4E","A","nmtVuc6N",10,"daffin",TRUE,"ka","R",1
"143","production","adult","5R4E","A","nmtVuc6N",11,"sep",TRUE,"ka","R",1
"144","production","adult","5R4E","A","nmtVuc6N",12,"flugit",TRUE,"ka","R",1
"145","production","adult","5R4E","A","rdf5eCUt",1,"bleggin",TRUE,"ka","R",1
"146","production","adult","5R4E","A","rdf5eCUt",2,"sep",TRUE,"ka","R",1
"147","production","adult","5R4E","A","rdf5eCUt",3,"daffin",TRUE,"ka","R",1
"148","production","adult","5R4E","A","rdf5eCUt",4,"norg",TRUE,"bae","e",0
"149","production","adult","5R4E","A","rdf5eCUt",5,"geed",TRUE,"ka","R",1
"150","production","adult","5R4E","A","rdf5eCUt",6,"geed",TRUE,"ka","R",1
"151","production","adult","5R4E","A","rdf5eCUt",7,"flugit",TRUE,"bae","e",0
"152","production","adult","5R4E","A","rdf5eCUt",8,"flugit",TRUE,"bae","e",0
"153","production","adult","5R4E","A","rdf5eCUt",9,"daffin",TRUE,"ka","R",1
"154","production","adult","5R4E","A","rdf5eCUt",10,"norg",TRUE,"ka","R",1
"155","production","adult","5R4E","A","rdf5eCUt",11,"sep",TRUE,"bae","e",0
"156","production","adult","5R4E","A","rdf5eCUt",12,"bleggin",TRUE,"ka","R",1
"157","production","adult","5R4E","A","txSlNf9j",1,"geed",TRUE,"ka","R",1
"158","production","adult","5R4E","A","txSlNf9j",2,"bleggin",TRUE,"ka","R",1
"159","production","adult","5R4E","A","txSlNf9j",3,"flugit",TRUE,"ka","R",1
"160","production","adult","5R4E","A","txSlNf9j",4,"daffin",TRUE,"ka","R",1
"161","production","adult","5R4E","A","txSlNf9j",5,"daffin",TRUE,"ka","R",1
"162","production","adult","5R4E","A","txSlNf9j",6,"norg",TRUE,"ka","R",1
"163","production","adult","5R4E","A","txSlNf9j",7,"sep",TRUE,"ka","R",1
"164","production","adult","5R4E","A","txSlNf9j",8,"bleggin",TRUE,"ka","R",1
"165","production","adult","5R4E","A","txSlNf9j",9,"geed",TRUE,"ka","R",1
"166","production","adult","5R4E","A","txSlNf9j",10,"sep",TRUE,"ka","R",1
"167","production","adult","5R4E","A","txSlNf9j",11,"flugit",TRUE,"ka","R",1
"168","production","adult","5R4E","A","txSlNf9j",12,"norg",TRUE,"ka","R",1
"169","production","adult","5R4E","A","V6GT6te3",1,"flugit",TRUE,"ka","R",1
"170","production","adult","5R4E","A","V6GT6te3",2,"geed",TRUE,"ka","R",1
"171","production","adult","5R4E","A","V6GT6te3",3,"bleggin",TRUE,"ka","R",1
"172","production","adult","5R4E","A","V6GT6te3",4,"sep",TRUE,"ka","R",1
"173","production","adult","5R4E","A","V6GT6te3",5,"norg",TRUE,"mawg","other",0
"174","production","adult","5R4E","A","V6GT6te3",6,"bleggin",TRUE,"ka","R",1
"175","production","adult","5R4E","A","V6GT6te3",7,"norg",TRUE,"mawg","other",0
"176","production","adult","5R4E","A","V6GT6te3",8,"geed",TRUE,"flairb","other",0
"177","production","adult","5R4E","A","V6GT6te3",9,"daffin",TRUE,"ka","R",1
"178","production","adult","5R4E","A","V6GT6te3",10,"sep",TRUE,"ka","R",1
"179","production","adult","5R4E","A","V6GT6te3",11,"daffin",TRUE,"mawg","other",0
"180","production","adult","5R4E","A","V6GT6te3",12,"flugit",TRUE,"mawg","other",0
"181","production","adult","5R4E","B","88wu3iDH",1,"flugit",TRUE,"ka","R",1
"182","production","adult","5R4E","B","88wu3iDH",2,"sep",TRUE,"ka","R",1
"183","production","adult","5R4E","B","88wu3iDH",3,"bleggin",TRUE,"ze","other",0
"184","production","adult","5R4E","B","88wu3iDH",4,"daffin",TRUE,"su","other",0
"185","production","adult","5R4E","B","88wu3iDH",5,"geed",TRUE,"bae","e",0
"186","production","adult","5R4E","B","88wu3iDH",6,"daffin",TRUE,"flub","other",0
"187","production","adult","5R4E","B","88wu3iDH",7,"sep",TRUE,"less","e",0
"188","production","adult","5R4E","B","88wu3iDH",8,"geed",TRUE,"bae","e",0
"189","production","adult","5R4E","B","88wu3iDH",9,"norg",TRUE,"lee","e",0
"190","production","adult","5R4E","B","88wu3iDH",10,"bleggin",TRUE,"ze","other",0
"191","production","adult","5R4E","B","88wu3iDH",11,"norg",TRUE,"fle","e",0
"192","production","adult","5R4E","B","88wu3iDH",12,"flugit",TRUE,"lee","e",0
"193","production","adult","5R4E","B","sbyPLe2K",1,"norg",TRUE,"ka","R",1
"194","production","adult","5R4E","B","sbyPLe2K",2,"geed",TRUE,"ka","R",1
"195","production","adult","5R4E","B","sbyPLe2K",3,"sep",TRUE,"ka","R",1
"196","production","adult","5R4E","B","sbyPLe2K",4,"sep",TRUE,"bae","e",0
"197","production","adult","5R4E","B","sbyPLe2K",5,"norg",TRUE,"ka","R",1
"198","production","adult","5R4E","B","sbyPLe2K",6,"daffin",TRUE,"ka","R",1
"199","production","adult","5R4E","B","sbyPLe2K",7,"daffin",TRUE,"ka","R",1
"200","production","adult","5R4E","B","sbyPLe2K",8,"bleggin",TRUE,"bae","e",0
"201","production","adult","5R4E","B","sbyPLe2K",9,"flugit",TRUE,"ka","R",1
"202","production","adult","5R4E","B","sbyPLe2K",10,"bleggin",TRUE,"ka","R",1
"203","production","adult","5R4E","B","sbyPLe2K",11,"geed",TRUE,"ka","R",1
"204","production","adult","5R4E","B","sbyPLe2K",12,"flugit",TRUE,"bae","e",0
"205","production","adult","5R4E","B","wi7yUtj3",1,"bleggin",TRUE,"ka","R",1
"206","production","adult","5R4E","B","wi7yUtj3",2,"flugit",TRUE,"ka","R",1
"207","production","adult","5R4E","B","wi7yUtj3",3,"daffin",TRUE,"ka","R",1
"208","production","adult","5R4E","B","wi7yUtj3",4,"norg",TRUE,"ka","R",1
"209","production","adult","5R4E","B","wi7yUtj3",5,"geed",TRUE,"ka","R",1
"210","production","adult","5R4E","B","wi7yUtj3",6,"flugit",TRUE,"ka","R",1
"211","production","adult","5R4E","B","wi7yUtj3",7,"geed",TRUE,"ka","R",1
"212","production","adult","5R4E","B","wi7yUtj3",8,"bleggin",TRUE,"ka","R",1
"213","production","adult","5R4E","B","wi7yUtj3",9,"daffin",TRUE,"ka","R",1
"214","production","adult","5R4E","B","wi7yUtj3",10,"norg",TRUE,"po","e",0
"215","production","adult","5R4E","B","wi7yUtj3",11,"sep",TRUE,"po","e",0
"216","production","adult","5R4E","B","wi7yUtj3",12,"sep",TRUE,"po","e",0
"217","production","adult","5R4E","B","xoWTd68i",1,"bleggin",TRUE,"po","e",0
"218","production","adult","5R4E","B","xoWTd68i",2,"geed",TRUE,"po","e",0
"219","production","adult","5R4E","B","xoWTd68i",3,"flugit",TRUE,"po","e",0
"220","production","adult","5R4E","B","xoWTd68i",4,"norg",TRUE,"po","e",0
"221","production","adult","5R4E","B","xoWTd68i",5,"daffin",TRUE,"po","e",0
"222","production","adult","5R4E","B","xoWTd68i",6,"flugit",TRUE,"morz","other",0
"223","production","adult","5R4E","B","xoWTd68i",7,"daffin",TRUE,"morz","other",0
"224","production","adult","5R4E","B","xoWTd68i",8,"bleggin",TRUE,"morz","other",0
"225","production","adult","5R4E","B","xoWTd68i",9,"sep",TRUE,"po","e",0
"226","production","adult","5R4E","B","xoWTd68i",10,"sep",TRUE,"po","e",0
"227","production","adult","5R4E","B","xoWTd68i",11,"geed",TRUE,"morz","other",0
"228","production","adult","5R4E","B","xoWTd68i",12,"norg",TRUE,"morz","other",0
"229","production","adult","5R4E","B","zlP1aB60",1,"norg",TRUE,"ka","R",1
"230","production","adult","5R4E","B","zlP1aB60",2,"norg",TRUE,"po","e",0
"231","production","adult","5R4E","B","zlP1aB60",3,"bleggin",TRUE,"ka","R",1
"232","production","adult","5R4E","B","zlP1aB60",4,"sep",TRUE,"bae","e",0
"233","production","adult","5R4E","B","zlP1aB60",5,"flugit",TRUE,"ka","R",1
"234","production","adult","5R4E","B","zlP1aB60",6,"sep",TRUE,"ka","R",1
"235","production","adult","5R4E","B","zlP1aB60",7,"daffin",TRUE,"bae","e",0
"236","production","adult","5R4E","B","zlP1aB60",8,"geed",TRUE,"bae","e",0
"237","production","adult","5R4E","B","zlP1aB60",9,"bleggin",TRUE,"ka","R",1
"238","production","adult","5R4E","B","zlP1aB60",10,"geed",TRUE,"ka","R",1
"239","production","adult","5R4E","B","zlP1aB60",11,"flugit",TRUE,"bae","e",0
"240","production","adult","5R4E","B","zlP1aB60",12,"daffin",TRUE,"ka","R",1
"241","production","child","3R6E","A","cCOPnlSo",0,"geed",TRUE,"lee","e",0
"242","production","child","3R6E","A","cCOPnlSo",1,"bleggin",FALSE,"null","null",0
"243","production","child","3R6E","A","cCOPnlSo",2,"flugit",TRUE,"lee","e",0
"244","production","child","3R6E","A","cCOPnlSo",3,"norg",TRUE,"lee","e",0
"245","production","child","3R6E","A","cCOPnlSo",4,"daffin",TRUE,"lee","e",0
"246","production","child","3R6E","A","cCOPnlSo",5,"daffin",TRUE,"lee","e",0
"247","production","child","3R6E","A","cCOPnlSo",6,"flugit",TRUE,"lee","e",0
"248","production","child","3R6E","A","cCOPnlSo",7,"geed",TRUE,"lee","e",0
"249","production","child","3R6E","A","cCOPnlSo",8,"norg",TRUE,"lee","e",0
"250","production","child","3R6E","A","cCOPnlSo",9,"sep",TRUE,"lee","e",0
"251","production","child","3R6E","A","cCOPnlSo",10,"sep",TRUE,"lee","e",0
"252","production","child","3R6E","A","cCOPnlSo",11,"bleggin",TRUE,"lee","e",0
"253","production","child","3R6E","A","JzbkiAaM",0,"norg",TRUE,"null","null",0
"254","production","child","3R6E","A","JzbkiAaM",1,"sep",TRUE,"null","null",0
"255","production","child","3R6E","A","JzbkiAaM",2,"daffin",TRUE,"null","null",0
"256","production","child","3R6E","A","JzbkiAaM",3,"flugit",TRUE,"null","null",0
"257","production","child","3R6E","A","JzbkiAaM",4,"bleggin",TRUE,"null","null",0
"258","production","child","3R6E","A","JzbkiAaM",5,"sep",TRUE,"null","null",0
"259","production","child","3R6E","A","JzbkiAaM",6,"flugit",TRUE,"null","null",0
"260","production","child","3R6E","A","JzbkiAaM",7,"geed",TRUE,"null","null",0
"261","production","child","3R6E","A","JzbkiAaM",8,"geed",TRUE,"null","null",0
"262","production","child","3R6E","A","JzbkiAaM",9,"daffin",TRUE,"null","null",0
"263","production","child","3R6E","A","JzbkiAaM",10,"norg",TRUE,"null","null",0
"264","production","child","3R6E","A","JzbkiAaM",11,"bleggin",TRUE,"null","null",0
"265","production","child","3R6E","A","rqf9G64O",0,"norg",TRUE,"null","null",0
"266","production","child","3R6E","A","rqf9G64O",1,"flugit",TRUE,"ka","R",1
"267","production","child","3R6E","A","rqf9G64O",2,"daffin",TRUE,"third","other",0
"268","production","child","3R6E","A","rqf9G64O",3,"flugit",TRUE,"null","null",0
"269","production","child","3R6E","A","rqf9G64O",4,"bleggin",FALSE,"null","null",0
"270","production","child","3R6E","A","rqf9G64O",5,"sep",TRUE,"null","null",0
"271","production","child","3R6E","A","rqf9G64O",6,"norg",TRUE,"null","null",0
"272","production","child","3R6E","A","rqf9G64O",7,"bleggin",TRUE,"ka","R",1
"273","production","child","3R6E","A","rqf9G64O",8,"daffin",TRUE,"null","null",0
"274","production","child","3R6E","A","rqf9G64O",9,"geed",TRUE,"null","null",0
"275","production","child","3R6E","A","rqf9G64O",10,"geed",TRUE,"null","null",0
"276","production","child","3R6E","A","rqf9G64O",11,"sep",TRUE,"cool","other",0
"277","production","child","3R6E","A","T1m6w37t",0,"norg",FALSE,"null","null",0
"278","production","child","3R6E","A","T1m6w37t",1,"geed",FALSE,"null","null",0
"279","production","child","3R6E","A","T1m6w37t",2,"bleggin",TRUE,"fire","other",0
"280","production","child","3R6E","A","T1m6w37t",3,"bleggin",TRUE,"fire","other",0
"281","production","child","3R6E","A","T1m6w37t",4,"flugit",TRUE,"black","other",0
"282","production","child","3R6E","A","T1m6w37t",5,"norg",FALSE,"wood","other",0
"283","production","child","3R6E","A","T1m6w37t",6,"sep",TRUE,"three","other",0
"284","production","child","3R6E","A","T1m6w37t",7,"daffin",TRUE,"lee","e",0
"285","production","child","3R6E","A","T1m6w37t",8,"flugit",TRUE,"black","other",0
"286","production","child","3R6E","A","T1m6w37t",9,"geed",FALSE,"five","other",0
"287","production","child","3R6E","A","T1m6w37t",10,"daffin",FALSE,"three","other",0
"288","production","child","3R6E","A","T1m6w37t",11,"sep",FALSE,"three","other",0
"289","production","child","3R6E","B","9omwFH5b",0,"sep",FALSE,"ka","R",1
"290","production","child","3R6E","B","9omwFH5b",1,"norg",TRUE,"null","null",0
"291","production","child","3R6E","B","9omwFH5b",2,"geed",TRUE,"null","null",0
"292","production","child","3R6E","B","9omwFH5b",3,"daffin",TRUE,"null","null",0
"293","production","child","3R6E","B","9omwFH5b",4,"sep",TRUE,"null","null",0
"294","production","child","3R6E","B","9omwFH5b",5,"bleggin",TRUE,"null","null",0
"295","production","child","3R6E","B","9omwFH5b",6,"daffin",TRUE,"null","null",0
"296","production","child","3R6E","B","9omwFH5b",7,"geed",TRUE,"null","null",0
"297","production","child","3R6E","B","9omwFH5b",8,"norg",TRUE,"null","null",0
"298","production","child","3R6E","B","9omwFH5b",9,"flugit",TRUE,"null","null",0
"299","production","child","3R6E","B","9omwFH5b",10,"bleggin",TRUE,"null","null",0
"300","production","child","3R6E","B","9omwFH5b",11,"flugit",TRUE,"null","null",0
"301","production","child","3R6E","B","AEMuJT6W",0,"norg",TRUE,"null","null",0
"302","production","child","3R6E","B","AEMuJT6W",1,"bleggin",TRUE,"null","null",0
"303","production","child","3R6E","B","AEMuJT6W",2,"daffin",TRUE,"null","null",0
"304","production","child","3R6E","B","AEMuJT6W",3,"sep",TRUE,"null","null",0
"305","production","child","3R6E","B","AEMuJT6W",4,"daffin",TRUE,"null","null",0
"306","production","child","3R6E","B","AEMuJT6W",5,"flugit",TRUE,"null","null",0
"307","production","child","3R6E","B","AEMuJT6W",6,"bleggin",TRUE,"null","null",0
"308","production","child","3R6E","B","AEMuJT6W",7,"sep",TRUE,"null","null",0
"309","production","child","3R6E","B","AEMuJT6W",8,"geed",TRUE,"null","null",0
"310","production","child","3R6E","B","AEMuJT6W",9,"norg",TRUE,"null","null",0
"311","production","child","3R6E","B","AEMuJT6W",10,"geed",TRUE,"null","null",0
"312","production","child","3R6E","B","AEMuJT6W",11,"flugit",TRUE,"null","null",0
"313","production","child","3R6E","B","b2vpHd0y",0,"geed",TRUE,"ka","R",1
"314","production","child","3R6E","B","b2vpHd0y",1,"bleggin",TRUE,"ka","R",1
"315","production","child","3R6E","B","b2vpHd0y",2,"flugit",TRUE,"ka","R",1
"316","production","child","3R6E","B","b2vpHd0y",3,"norg",TRUE,"ka","R",1
"317","production","child","3R6E","B","b2vpHd0y",4,"flugit",TRUE,"ka","R",1
"318","production","child","3R6E","B","b2vpHd0y",5,"norg",TRUE,"ka","R",1
"319","production","child","3R6E","B","b2vpHd0y",6,"daffin",TRUE,"ka","R",1
"320","production","child","3R6E","B","b2vpHd0y",7,"sep",TRUE,"ka","R",1
"321","production","child","3R6E","B","b2vpHd0y",8,"sep",TRUE,"ka","R",1
"322","production","child","3R6E","B","b2vpHd0y",9,"bleggin",TRUE,"ka","R",1
"323","production","child","3R6E","B","b2vpHd0y",10,"daffin",FALSE,"ka","R",1
"324","production","child","3R6E","B","b2vpHd0y",11,"geed",TRUE,"ka","R",1
"325","production","child","3R6E","B","rydmeZig",0,"flugit",TRUE,"ka","R",1
"326","production","child","3R6E","B","rydmeZig",1,"sep",TRUE,"eh","other",0
"327","production","child","3R6E","B","rydmeZig",2,"geed",TRUE,"wing","other",0
"328","production","child","3R6E","B","rydmeZig",3,"flugit",TRUE,"ka","R",1
"329","production","child","3R6E","B","rydmeZig",4,"norg",TRUE,"light","other",0
"330","production","child","3R6E","B","rydmeZig",5,"sep",TRUE,"eh","other",0
"331","production","child","3R6E","B","rydmeZig",6,"norg",TRUE,"lightbulb","other",0
"332","production","child","3R6E","B","rydmeZig",7,"daffin",TRUE,"dolphin","other",0
"333","production","child","3R6E","B","rydmeZig",8,"geed",TRUE,"wing","other",0
"334","production","child","3R6E","B","rydmeZig",9,"bleggin",TRUE,"bleggin","other",0
"335","production","child","3R6E","B","rydmeZig",10,"bleggin",TRUE,"bleggin","other",0
"336","production","child","3R6E","B","rydmeZig",11,"daffin",TRUE,"dolphin","other",0
"337","production","child","5R4E","A","dGzYJUzw",0,"geed",TRUE,"ka","R",1
"338","production","child","5R4E","A","dGzYJUzw",1,"daffin",TRUE,"ka","R",1
"339","production","child","5R4E","A","dGzYJUzw",2,"daffin",TRUE,"ka","R",1
"340","production","child","5R4E","A","dGzYJUzw",3,"bleggin",TRUE,"ka","R",1
"341","production","child","5R4E","A","dGzYJUzw",4,"norg",TRUE,"ka","R",1
"342","production","child","5R4E","A","dGzYJUzw",5,"bleggin",TRUE,"ka","R",1
"343","production","child","5R4E","A","dGzYJUzw",6,"sep",TRUE,"ka","R",1
"344","production","child","5R4E","A","dGzYJUzw",7,"flugit",TRUE,"ka","R",1
"345","production","child","5R4E","A","dGzYJUzw",8,"flugit",TRUE,"ka","R",1
"346","production","child","5R4E","A","dGzYJUzw",9,"norg",TRUE,"ka","R",1
"347","production","child","5R4E","A","dGzYJUzw",10,"sep",TRUE,"ka","R",1
"348","production","child","5R4E","A","dGzYJUzw",11,"geed",TRUE,"ka","R",1
"349","production","child","5R4E","A","ezEAM3kn",0,"bleggin",TRUE,"ka","R",1
"350","production","child","5R4E","A","ezEAM3kn",1,"norg",TRUE,"ka","R",1
"351","production","child","5R4E","A","ezEAM3kn",2,"flugit",TRUE,"ka","R",1
"352","production","child","5R4E","A","ezEAM3kn",3,"sep",TRUE,"ka","R",1
"353","production","child","5R4E","A","ezEAM3kn",4,"bleggin",FALSE,"null","null",0
"354","production","child","5R4E","A","ezEAM3kn",5,"flugit",TRUE,"ka","R",1
"355","production","child","5R4E","A","ezEAM3kn",6,"geed",TRUE,"ka","R",1
"356","production","child","5R4E","A","ezEAM3kn",7,"norg",TRUE,"ka","R",1
"357","production","child","5R4E","A","ezEAM3kn",8,"geed",TRUE,"ka","R",1
"358","production","child","5R4E","A","ezEAM3kn",9,"daffin",TRUE,"ka","R",1
"359","production","child","5R4E","A","ezEAM3kn",10,"daffin",TRUE,"ka","R",1
"360","production","child","5R4E","A","ezEAM3kn",11,"sep",TRUE,"ka","R",1
"361","production","child","5R4E","A","idRtEpwb",0,"norg",TRUE,"ka","R",1
"362","production","child","5R4E","A","idRtEpwb",1,"flugit",TRUE,"ka","R",1
"363","production","child","5R4E","A","idRtEpwb",2,"geed",TRUE,"ka","R",1
"364","production","child","5R4E","A","idRtEpwb",3,"bleggin",TRUE,"ka","R",1
"365","production","child","5R4E","A","idRtEpwb",4,"sep",TRUE,"ka","R",1
"366","production","child","5R4E","A","idRtEpwb",5,"norg",TRUE,"ka","R",1
"367","production","child","5R4E","A","idRtEpwb",6,"daffin",TRUE,"ka","R",1
"368","production","child","5R4E","A","idRtEpwb",7,"daffin",TRUE,"ka","R",1
"369","production","child","5R4E","A","idRtEpwb",8,"bleggin",TRUE,"ka","R",1
"370","production","child","5R4E","A","idRtEpwb",9,"flugit",TRUE,"ka","R",1
"371","production","child","5R4E","A","idRtEpwb",10,"geed",TRUE,"ka","R",1
"372","production","child","5R4E","A","idRtEpwb",11,"sep",TRUE,"ka","R",1
"373","production","child","5R4E","A","jrSsFRGn",0,"sep",TRUE,"ka","R",1
"374","production","child","5R4E","A","jrSsFRGn",1,"norg",TRUE,"ka","R",1
"375","production","child","5R4E","A","jrSsFRGn",2,"daffin",TRUE,"ka","R",1
"376","production","child","5R4E","A","jrSsFRGn",3,"norg",TRUE,"ka","R",1
"377","production","child","5R4E","A","jrSsFRGn",4,"geed",TRUE,"ka","R",1
"378","production","child","5R4E","A","jrSsFRGn",5,"bleggin",TRUE,"ka","R",1
"379","production","child","5R4E","A","jrSsFRGn",6,"flugit",TRUE,"ka","R",1
"380","production","child","5R4E","A","jrSsFRGn",7,"sep",TRUE,"ka","R",1
"381","production","child","5R4E","A","jrSsFRGn",8,"geed",TRUE,"ka","R",1
"382","production","child","5R4E","A","jrSsFRGn",9,"flugit",TRUE,"ka","R",1
"383","production","child","5R4E","A","jrSsFRGn",10,"daffin",TRUE,"ka","R",1
"384","production","child","5R4E","A","jrSsFRGn",11,"bleggin",TRUE,"ka","R",1
"385","production","child","5R4E","A","PBbPx8DX",0,"norg",TRUE,"ka","R",1
"386","production","child","5R4E","A","PBbPx8DX",1,"geed",TRUE,"ka","R",1
"387","production","child","5R4E","A","PBbPx8DX",2,"flugit",TRUE,"ka","R",1
"388","production","child","5R4E","A","PBbPx8DX",3,"daffin",TRUE,"ka","R",1
"389","production","child","5R4E","A","PBbPx8DX",4,"norg",TRUE,"ka","R",1
"390","production","child","5R4E","A","PBbPx8DX",5,"flugit",TRUE,"ka","R",1
"391","production","child","5R4E","A","PBbPx8DX",6,"bleggin",TRUE,"ka","R",1
"392","production","child","5R4E","A","PBbPx8DX",7,"geed",TRUE,"ka","R",1
"393","production","child","5R4E","A","PBbPx8DX",8,"bleggin",TRUE,"ka","R",1
"394","production","child","5R4E","A","PBbPx8DX",9,"sep",TRUE,"ka","R",1
"395","production","child","5R4E","A","PBbPx8DX",10,"sep",TRUE,"ka","R",1
"396","production","child","5R4E","A","PBbPx8DX",11,"daffin",TRUE,"ka","R",1
"397","production","child","5R4E","B","hxmfQghp",0,"flugit",TRUE,"ka","R",1
"398","production","child","5R4E","B","hxmfQghp",1,"geed",TRUE,"to","other",0
"399","production","child","5R4E","B","hxmfQghp",2,"flugit",TRUE,"zo","other",0
"400","production","child","5R4E","B","hxmfQghp",3,"sep",TRUE,"ka","R",1
"401","production","child","5R4E","B","hxmfQghp",4,"geed",TRUE,"to","other",0
"402","production","child","5R4E","B","hxmfQghp",5,"daffin",TRUE,"wa","other",0
"403","production","child","5R4E","B","hxmfQghp",6,"norg",TRUE,"mo","other",0
"404","production","child","5R4E","B","hxmfQghp",7,"bleggin",TRUE,"ka","R",1
"405","production","child","5R4E","B","hxmfQghp",8,"bleggin",TRUE,"ka","R",1
"406","production","child","5R4E","B","hxmfQghp",9,"norg",TRUE,"wa","other",0
"407","production","child","5R4E","B","hxmfQghp",10,"daffin",TRUE,"ma","other",0
"408","production","child","5R4E","B","hxmfQghp",11,"sep",TRUE,"ka","R",1
"409","production","child","5R4E","B","z6usfDpM",0,"sep",TRUE,"ka","R",1
"410","production","child","5R4E","B","z6usfDpM",1,"norg",TRUE,"ka","R",1
"411","production","child","5R4E","B","z6usfDpM",2,"flugit",TRUE,"ka","R",1
"412","production","child","5R4E","B","z6usfDpM",3,"daffin",TRUE,"ka","R",1
"413","production","child","5R4E","B","z6usfDpM",4,"daffin",TRUE,"ka","R",1
"414","production","child","5R4E","B","z6usfDpM",5,"geed",TRUE,"ka","R",1
"415","production","child","5R4E","B","z6usfDpM",6,"geed",TRUE,"ka","R",1
"416","production","child","5R4E","B","z6usfDpM",7,"sep",TRUE,"ka","R",1
"417","production","child","5R4E","B","z6usfDpM",8,"bleggin",TRUE,"ka","R",1
"418","production","child","5R4E","B","z6usfDpM",9,"bleggin",TRUE,"ka","R",1
"419","production","child","5R4E","B","z6usfDpM",10,"norg",TRUE,"ka","R",1
"420","production","child","5R4E","B","z6usfDpM",11,"flugit",TRUE,"ka","R",1
